{"model": "CNN", "train_losses": [2.318696823716164, 1.4539697915315628, 1.1388535231351853, 0.9553873792290688, 0.8795755743980408, 0.7238334394991398, 0.6015348993241787, 0.5927962727844716, 0.42120685167610644, 0.34903754740953447, 0.31298238765448333, 0.25946717374026773, 0.20773611813783646, 0.19825912043452262, 0.15674151573330164, 0.1311886567622423, 0.1022694748826325, 0.08775215819478036, 0.07374175162985921, 0.07302909316495061, 0.057547603640705346, 0.05291707036085427, 0.045335548976436255, 0.03879947806708515, 0.03544774358160794, 0.032520617241971195, 0.029865600867196918, 0.025199387618340553, 0.021356331347487868, 0.02135742197278887, 0.022457319055683912, 0.0180168479681015, 0.01663202247582376, 0.01730074090883136, 0.013021131220739335, 0.012141570984385907, 0.013722708763089031, 0.010762931109638885, 0.010379644599743188, 0.010360581369604915], "train_accs": [0.18466353677621283, 0.5352112676056338, 0.6682316118935837, 0.729264475743349, 0.7621283255086072, 0.8043818466353677, 0.86697965571205, 0.8482003129890454, 0.9295774647887324, 0.945226917057903, 0.9593114241001565, 0.974960876369327, 0.9827856025039123, 0.9812206572769953, 0.9906103286384976, 0.9937402190923318, 0.9984350547730829, 0.9984350547730829, 0.9984350547730829, 0.9984350547730829, 0.9984350547730829, 0.9984350547730829, 0.9984350547730829, 0.9984350547730829, 0.9984350547730829, 0.9984350547730829, 0.9984350547730829, 0.9984350547730829, 0.9984350547730829, 0.9984350547730829, 0.9984350547730829, 0.9984350547730829, 0.9984350547730829, 0.9984350547730829, 0.9984350547730829, 0.9984350547730829, 0.9984350547730829, 0.9984350547730829, 0.9984350547730829, 0.9984350547730829], "val_losses": [2.3573025345802305, 1.7478325486183166, 1.5204325675964356, 1.3879042387008667, 1.3986404299736024, 1.3623876035213471, 1.335751736164093, 1.3414977490901947, 1.243930423259735, 1.2411795675754547, 1.160973858833313, 1.1893994867801667, 1.1896042466163634, 1.2152363061904907, 1.1651024401187897, 1.160356777906418, 1.1184291779994964, 1.170519471168518, 1.1577022612094878, 1.19393989443779, 1.107869803905487, 1.1229958593845368, 1.1462838768959045, 1.1385001957416534, 1.1779865443706512, 1.1781476259231567, 1.1410392224788666, 1.166286939382553, 1.1461858689785003, 1.1833255410194397, 1.238366287946701, 1.1772859752178193, 1.1871929079294206, 1.24448319375515, 1.216689544916153, 1.1876124382019042, 1.291588121652603, 1.1980736076831817, 1.2152214795351028, 1.188744980096817], "val_accs": [0.1625, 0.39375, 0.50625, 0.54375, 0.51875, 0.55625, 0.5125, 0.51875, 0.59375, 0.56875, 0.61875, 0.625, 0.59375, 0.5625, 0.625, 0.61875, 0.61875, 0.61875, 0.6, 0.6125, 0.64375, 0.64375, 0.6375, 0.61875, 0.6375, 0.61875, 0.63125, 0.64375, 0.64375, 0.61875, 0.60625, 0.63125, 0.6125, 0.63125, 0.625, 0.64375, 0.60625, 0.63125, 0.625, 0.63125], "best_val_epoch": 21, "lr": 0.0001, "batch_size": 16}