{"model": "CNN", "train_losses": [2.293047332763672, 2.2681087017059327, 2.213530921936035, 2.113371753692627, 1.9921364903450012, 1.891398024559021, 1.8006508231163025, 1.7811766624450684, 1.6490306615829469, 1.6010968685150146], "train_accs": [0.10328638497652583, 0.14084507042253522, 0.21439749608763695, 0.26134585289514867, 0.36932707355242567, 0.3646322378716745, 0.3380281690140845, 0.3302034428794992, 0.4428794992175274, 0.46635367762128327], "val_losses": [2.2913974126180015, 2.2940982977549234, 2.232630729675293, 2.1861399014790854, 2.0700080394744873, 2.0530176560084024, 1.960532585779826, 1.9305514097213745, 1.9079041481018066, 1.8348458607991536], "val_accs": [0.10625, 0.11875, 0.15625, 0.18125, 0.3375, 0.26875, 0.2875, 0.2875, 0.375, 0.41875], "best_val_epoch": 10, "lr": 0.0001, "batch_size": 64}