{"model": "CNN", "train_losses": [2.270572912693024, 2.2243745923042297, 2.105691581964493, 2.056883317232132, 2.0723429381847382, 1.9036615133285522, 1.9429602324962616, 1.726576453447342, 1.670827901363373, 1.532416433095932], "train_accs": [0.15492957746478872, 0.18466353677621283, 0.18935837245696402, 0.2644757433489828, 0.2863849765258216, 0.3568075117370892, 0.3317683881064163, 0.3974960876369327, 0.4757433489827856, 0.4679186228482003], "val_losses": [2.279485321044922, 2.2598443984985352, 2.196051549911499, 2.187992238998413, 2.213522529602051, 2.1029917716979982, 2.138288974761963, 2.055975651741028, 2.0546900272369384, 1.9702593326568603], "val_accs": [0.1375, 0.15, 0.2125, 0.21875, 0.25, 0.275, 0.275, 0.3, 0.35625, 0.35625], "best_val_epoch": 9, "lr": 0.001, "batch_size": 32}