{"model": "CNN", "train_losses": [2.293341076374054, 2.255834627151489, 2.1784475207328797, 2.056832545995712, 2.0124683022499084, 1.9877224028110505, 1.925475299358368, 1.9050034642219544, 1.8404790043830872, 1.755912297964096, 1.7436401128768921, 1.6262823522090912, 1.6001859307289124, 1.5315423548221587, 1.493291473388672, 1.4374290704727173, 1.4155203700065613, 1.4026484191417694, 1.3965038001537322, 1.3286966919898986, 1.2885369896888732, 1.3426052510738373, 1.2631046772003174, 1.232872986793518, 1.2031022518873216, 1.2189291894435883, 1.1582461804151536, 1.1334489643573762, 1.096969372034073, 1.0849186390638352, 1.0629678577184678, 1.051973181962967, 1.0074505746364593, 0.9819656103849411, 0.9574227839708328, 0.9247361421585083, 0.924361166357994, 0.9284855037927627, 0.8634432852268219, 0.8481853991746903, 0.8410621345043182, 0.8464179366827012, 0.8232255011796952, 0.7915094763040542, 0.749647781252861, 0.7406746804714203, 0.7225614488124847, 0.6932697534561157, 0.6728400260210037, 0.6533542230725289, 0.6124622493982315, 0.6322008386254311, 0.5957111820578576, 0.6459118753671647, 0.6183668956160545, 0.5833215534687042, 0.5463185027241707, 0.5753851756453514, 0.5046641662716865, 0.5542309030890464, 0.5276779890060425, 0.4706688985228539, 0.47395647764205934, 0.44722379446029664, 0.4275070071220398, 0.42814906761050225, 0.397990670055151, 0.4399519324302673, 0.3925123751163483, 0.34814287573099134, 0.3158744938671589, 0.3237323112785816, 0.3078694395720959, 0.34661750569939614, 0.3655799925327301, 0.2930083259940147, 0.2759663812816143, 0.26954345703125, 0.2675000488758087, 0.2315903812646866, 0.22301375381648542, 0.21583940275013447, 0.22777028530836105, 0.22342047318816186, 0.18543350361287594, 0.18988069482147693, 0.23527876958250998, 0.17649369947612287, 0.1659597285091877, 0.15924032554030418, 0.15718805268406869, 0.15251151602715254, 0.14682626407593488, 0.14943334572017192, 0.13925242498517038, 0.14472686666995288, 0.14350900873541833, 0.11947195827960969, 0.11207080818712711, 0.10496283397078514], "train_accs": [0.10954616588419405, 0.2519561815336463, 0.23630672926447574, 0.3427230046948357, 0.3145539906103286, 0.3411580594679186, 0.37089201877934275, 0.3395931142410016, 0.39436619718309857, 0.4084507042253521, 0.39906103286384975, 0.4679186228482003, 0.4679186228482003, 0.45539906103286387, 0.5211267605633803, 0.514866979655712, 0.5320813771517997, 0.5524256651017214, 0.5414710485133021, 0.5758998435054773, 0.5868544600938967, 0.5524256651017214, 0.5884194053208138, 0.6025039123630673, 0.6181533646322379, 0.5993740219092332, 0.6369327073552425, 0.6322378716744914, 0.6713615023474179, 0.6494522691705791, 0.6917057902973396, 0.6635367762128326, 0.6979655712050078, 0.7073552425665102, 0.6838810641627543, 0.7136150234741784, 0.7276995305164319, 0.7167449139280125, 0.7402190923317684, 0.7574334898278561, 0.7433489827856025, 0.7386541471048513, 0.7433489827856025, 0.7762128325508607, 0.7996870109546166, 0.7824726134585289, 0.7902973395931142, 0.7981220657276995, 0.812206572769953, 0.8137715179968701, 0.8231611893583725, 0.8278560250391236, 0.8403755868544601, 0.810641627543036, 0.8262910798122066, 0.837245696400626, 0.8356807511737089, 0.8575899843505478, 0.8716744913928013, 0.8450704225352113, 0.8575899843505478, 0.8716744913928013, 0.8779342723004695, 0.8826291079812206, 0.8967136150234741, 0.8841940532081377, 0.9123630672926447, 0.8716744913928013, 0.92018779342723, 0.9217527386541471, 0.9248826291079812, 0.9248826291079812, 0.9374021909233177, 0.918622848200313, 0.92018779342723, 0.9374021909233177, 0.9483568075117371, 0.9405320813771518, 0.9374021909233177, 0.9608763693270735, 0.9561815336463224, 0.9655712050078247, 0.945226917057903, 0.9608763693270735, 0.9640062597809077, 0.9640062597809077, 0.9483568075117371, 0.971830985915493, 0.97339593114241, 0.9765258215962441, 0.9796557120500783, 0.9702660406885759, 0.974960876369327, 0.971830985915493, 0.971830985915493, 0.971830985915493, 0.9765258215962441, 0.97339593114241, 0.9812206572769953, 0.9874804381846636], "val_losses": [2.296204376220703, 2.2706164360046386, 2.228240442276001, 2.1488158226013185, 2.1297192573547363, 2.080461120605469, 2.0637027502059935, 2.050534892082214, 1.979648804664612, 1.9158671140670775, 1.9274097204208374, 1.8102635622024537, 1.7736338138580323, 1.7232077360153197, 1.6892007112503051, 1.6599402666091918, 1.6497921466827392, 1.6393073797225952, 1.6490954160690308, 1.6112111330032348, 1.5873724699020386, 1.6193495035171508, 1.558439064025879, 1.5421684741973878, 1.5198086023330688, 1.5477568626403808, 1.5101894855499267, 1.4924956798553466, 1.4562317848205566, 1.480186367034912, 1.4371029019355774, 1.4691542863845826, 1.4428159236907958, 1.401493239402771, 1.4590748786926269, 1.4048908352851868, 1.4274362564086913, 1.4037664175033568, 1.4013463139533997, 1.4041289210319519, 1.402886426448822, 1.4279390096664428, 1.438726508617401, 1.3846094369888307, 1.371586763858795, 1.387644147872925, 1.3764153122901917, 1.3740865588188171, 1.365607702732086, 1.362123703956604, 1.3405179023742675, 1.3351460456848145, 1.3336837887763977, 1.3915159463882447, 1.4545690059661864, 1.3880635023117065, 1.4189256072044372, 1.3583280920982361, 1.385714852809906, 1.3715614795684814, 1.322912049293518, 1.4019808650016785, 1.3621603965759277, 1.3946742296218873, 1.3825507044792176, 1.4208482027053833, 1.4019014954566955, 1.489183211326599, 1.3969242334365846, 1.438066804409027, 1.3916096329689025, 1.429591178894043, 1.4154306173324585, 1.4898622751235961, 1.490553379058838, 1.4943216562271118, 1.4796926021575927, 1.5164002180099487, 1.5491810202598573, 1.5455231428146363, 1.5268742561340332, 1.5102254748344421, 1.5790186643600463, 1.5139818072319031, 1.5568551540374755, 1.6472044467926026, 1.6061681747436523, 1.6561784267425537, 1.6531745433807372, 1.6332520365715026, 1.5946317434310913, 1.6250672221183777, 1.6849227547645569, 1.7147241592407227, 1.6808264017105103, 1.805155086517334, 1.6009578585624695, 1.7853522777557373, 1.7523903965950012, 1.7079195022583007], "val_accs": [0.0875, 0.15625, 0.175, 0.2875, 0.2375, 0.325, 0.2875, 0.28125, 0.29375, 0.38125, 0.39375, 0.3875, 0.4, 0.3875, 0.43125, 0.41875, 0.43125, 0.4375, 0.38125, 0.4375, 0.45, 0.4375, 0.46875, 0.45625, 0.49375, 0.48125, 0.49375, 0.4625, 0.5125, 0.51875, 0.5375, 0.5, 0.53125, 0.54375, 0.4875, 0.55625, 0.55625, 0.56875, 0.5625, 0.53125, 0.5375, 0.5, 0.5625, 0.5625, 0.55625, 0.56875, 0.55625, 0.58125, 0.54375, 0.54375, 0.56875, 0.56875, 0.575, 0.575, 0.5625, 0.55625, 0.5875, 0.59375, 0.575, 0.60625, 0.5875, 0.575, 0.5625, 0.5625, 0.55, 0.58125, 0.575, 0.55, 0.575, 0.58125, 0.59375, 0.56875, 0.575, 0.5625, 0.58125, 0.55, 0.55625, 0.59375, 0.54375, 0.575, 0.55625, 0.58125, 0.56875, 0.58125, 0.575, 0.53125, 0.5625, 0.575, 0.55, 0.56875, 0.55625, 0.5625, 0.5625, 0.5375, 0.575, 0.54375, 0.56875, 0.55625, 0.575, 0.575], "best_val_epoch": 60, "lr": 0.0001, "batch_size": 32}