{"model": "CNN", "train_losses": [2.302397978305817, 2.298989486694336, 2.2783583760261537, 2.2430050134658814, 2.1292712569236754, 2.068609780073166, 2.050942325592041, 2.0384279608726503, 1.9979589641094209, 1.9731997847557068, 1.9660901725292206, 1.9780735313892364, 1.8997404396533966, 1.8776566326618194, 1.8494751513004304, 1.8186758577823638, 1.7792305052280426, 1.775866186618805, 1.7136360645294189, 1.711927592754364, 1.683269339799881, 1.6750556230545044, 1.6926341772079467, 1.6287395417690278, 1.610870176553726, 1.5843173086643219, 1.5613880932331086, 1.5108278036117553, 1.536790144443512, 1.5188796162605285, 1.460762232542038, 1.4824336409568786, 1.52955464720726, 1.4449485540390015, 1.4081695616245269, 1.3712077856063842, 1.3643322825431823, 1.3900619328022004, 1.3414359390735626, 1.3249997735023498, 1.3304911136627198, 1.3125997543334962, 1.294776976108551, 1.2630638778209686, 1.2441974133253098, 1.2376647412776947, 1.2130826354026794, 1.1944089978933334, 1.1967927306890487, 1.1512454271316528], "train_accs": [0.10328638497652583, 0.10328638497652583, 0.16118935837245696, 0.18309859154929578, 0.2081377151799687, 0.23317683881064163, 0.22848200312989045, 0.2535211267605634, 0.24882629107981222, 0.3082942097026604, 0.2597809076682316, 0.28169014084507044, 0.3051643192488263, 0.3302034428794992, 0.36306729264475746, 0.3380281690140845, 0.3677621283255086, 0.38028169014084506, 0.37871674491392804, 0.38341158059467917, 0.38810641627543035, 0.39123630672926446, 0.39906103286384975, 0.41784037558685444, 0.41784037558685444, 0.42566510172143973, 0.4303599374021909, 0.46322378716744916, 0.4507042253521127, 0.4726134585289515, 0.49608763693270735, 0.4679186228482003, 0.45539906103286387, 0.48826291079812206, 0.5101721439749609, 0.5258215962441315, 0.5258215962441315, 0.514866979655712, 0.5179968701095462, 0.5508607198748043, 0.5414710485133021, 0.5696400625978091, 0.539906103286385, 0.5602503912363067, 0.5586854460093896, 0.5602503912363067, 0.5696400625978091, 0.594679186228482, 0.5837245696400626, 0.6087636932707355], "val_losses": [2.3021409034729006, 2.2997014045715334, 2.2895079612731934, 2.3006490230560304, 2.2028709411621095, 2.1802132606506346, 2.167914700508118, 2.1653135299682615, 2.15059015750885, 2.1257909297943116, 2.131380891799927, 2.14176344871521, 2.0955657243728636, 2.07985942363739, 2.0598040342330934, 2.0295500993728637, 2.0019819736480713, 1.974178409576416, 1.9344550132751466, 1.9316333055496215, 1.9208706378936768, 1.9082136392593383, 1.9180925130844115, 1.9054564237594604, 1.8652512550354003, 1.8517239570617676, 1.840644931793213, 1.8073680639266967, 1.8631344318389893, 1.8407615184783936, 1.8290589094161986, 1.811982774734497, 1.826027512550354, 1.7767948865890504, 1.781420350074768, 1.7588645458221435, 1.7650064706802369, 1.7328307151794433, 1.7336963653564452, 1.693638801574707, 1.7142961502075196, 1.7123103857040405, 1.7062034368515016, 1.7043570756912232, 1.6900898933410644, 1.6894332408905028, 1.6757885336875915, 1.647002100944519, 1.674529242515564, 1.6554997920989991], "val_accs": [0.10625, 0.10625, 0.11875, 0.15625, 0.15625, 0.16875, 0.175, 0.2, 0.15625, 0.23125, 0.2125, 0.25, 0.25, 0.2625, 0.29375, 0.25, 0.2875, 0.30625, 0.3, 0.3125, 0.29375, 0.3375, 0.36875, 0.35625, 0.3625, 0.3875, 0.3625, 0.39375, 0.35625, 0.4125, 0.38125, 0.3625, 0.41875, 0.4, 0.40625, 0.39375, 0.4375, 0.38125, 0.40625, 0.3875, 0.4125, 0.4625, 0.41875, 0.4375, 0.45, 0.4375, 0.4375, 0.4625, 0.41875, 0.45625], "best_val_epoch": 42, "lr": 0.0001, "batch_size": 32}