{"model": "CNN", "train_losses": [2.2988816618919374, 2.288743245601654, 2.260737752914429, 2.201835870742798, 2.143724870681763, 2.0896975100040436, 2.0344136476516725, 1.9920595228672027, 1.9556354999542236, 1.9351501882076263, 1.8914604127407073, 1.8673478364944458, 1.834774798154831, 1.8300716519355773, 1.7745910108089447, 1.774259215593338, 1.7547969937324523, 1.7000453233718873, 1.7012030184268951, 1.6513695299625397, 1.6173968255519866, 1.5791807770729065, 1.5545254230499268, 1.5490035653114318, 1.4796745479106903, 1.4440728783607484, 1.4422367990016938, 1.4064193725585938, 1.4006269574165344, 1.3445463836193086, 1.2941258192062377, 1.274834781885147, 1.2609005093574523, 1.2319258809089662, 1.1571971774101257, 1.1286941647529602, 1.1333780139684677, 1.1255600899457932, 1.0596828907728195, 0.9914271533489227, 0.9843806326389313, 0.9528111666440964, 0.9390962392091751, 0.875682482123375, 0.8489917010068894, 0.8337003648281097, 0.798548674583435, 0.757993096113205, 0.7529928892850876, 0.6919790878891945, 0.7220952987670899, 0.5983898550271988, 0.6133158177137374, 0.6081018000841141, 0.5929444476962089, 0.5201450169086457, 0.5271112084388733, 0.48435987532138824, 0.45287730991840364, 0.44381297528743746, 0.4304881766438484, 0.4057741701602936, 0.4253439411520958, 0.35666392371058464, 0.3581603102385998, 0.3642901621758938, 0.2970535524189472, 0.28068419471383094, 0.27402438670396806, 0.32009946927428246, 0.2734065756201744, 0.2361363410949707, 0.20630006343126298, 0.18769915588200092, 0.19385569654405116, 0.17999421395361423, 0.17940146885812283, 0.16637657657265664, 0.14779671430587768, 0.1644407968968153, 0.13302322588860988, 0.14603415597230196, 0.1504748124629259, 0.1164097860455513, 0.10145957749336958, 0.1029776144772768, 0.09101874995976686, 0.09674228578805924, 0.09580039512366056, 0.08542269840836525, 0.0906639788299799, 0.08311343062669038, 0.06439211275428533, 0.07027322426438332, 0.053130774106830356, 0.05717390822246671, 0.05853790510445833, 0.04564568316563964, 0.055837135575711724, 0.0535458548925817], "train_accs": [0.10328638497652583, 0.1189358372456964, 0.1643192488262911, 0.1784037558685446, 0.18779342723004694, 0.21283255086071987, 0.2300469483568075, 0.25821596244131456, 0.2863849765258216, 0.29107981220657275, 0.3411580594679186, 0.3599374021909233, 0.352112676056338, 0.3677621283255086, 0.3865414710485133, 0.38341158059467917, 0.4350547730829421, 0.3677621283255086, 0.458528951486698, 0.4428794992175274, 0.47730829420970267, 0.4694835680751174, 0.5164319248826291, 0.5070422535211268, 0.48826291079812206, 0.5477308294209703, 0.5273865414710485, 0.5602503912363067, 0.564945226917058, 0.5712050078247262, 0.6071987480438185, 0.5884194053208138, 0.622848200312989, 0.6322378716744914, 0.6557120500782473, 0.6463223787167449, 0.6400625978090767, 0.647887323943662, 0.6964006259780907, 0.7089201877934272, 0.7230046948356808, 0.7104851330203443, 0.6932707355242567, 0.7323943661971831, 0.7605633802816901, 0.7621283255086072, 0.7730829420970265, 0.7715179968701096, 0.7871674491392802, 0.810641627543036, 0.7949921752738655, 0.8215962441314554, 0.8450704225352113, 0.8450704225352113, 0.8701095461658842, 0.8701095461658842, 0.8701095461658842, 0.8826291079812206, 0.9014084507042254, 0.8888888888888888, 0.9076682316118936, 0.9061032863849765, 0.9139280125195618, 0.917057902973396, 0.92018779342723, 0.9107981220657277, 0.9420970266040689, 0.94679186228482, 0.9483568075117371, 0.9264475743348983, 0.9530516431924883, 0.9483568075117371, 0.9624413145539906, 0.9640062597809077, 0.9514866979655712, 0.971830985915493, 0.9765258215962441, 0.97339593114241, 0.97339593114241, 0.9655712050078247, 0.9796557120500783, 0.9796557120500783, 0.9655712050078247, 0.9827856025039123, 0.9827856025039123, 0.9843505477308294, 0.9874804381846636, 0.9843505477308294, 0.9843505477308294, 0.9812206572769953, 0.9874804381846636, 0.9843505477308294, 0.9906103286384976, 0.9937402190923318, 0.9906103286384976, 0.9906103286384976, 0.9906103286384976, 0.9953051643192489, 0.9890453834115805, 0.9953051643192489], "val_losses": [2.3030562877655028, 2.3000458240509034, 2.282913827896118, 2.2581455230712892, 2.2045382022857667, 2.202247142791748, 2.1594974040985107, 2.117603611946106, 2.0925496101379393, 2.0859421491622925, 2.075218677520752, 2.0280102491378784, 2.031982493400574, 1.9974327087402344, 1.9947275400161744, 2.0354573726654053, 1.9983694791793822, 2.0094468355178834, 1.9424861907958983, 1.962429404258728, 1.9392199277877809, 1.9008180379867554, 1.8841222763061523, 1.8518265008926391, 1.8362258672714233, 1.8351425409317017, 1.8169896841049193, 1.8062440872192382, 1.789751362800598, 1.759756898880005, 1.7318174600601197, 1.7109000444412232, 1.7194284200668335, 1.6896117448806762, 1.6790791273117065, 1.657407283782959, 1.6533129930496215, 1.6754585027694702, 1.6289060354232787, 1.5713478565216064, 1.620378065109253, 1.605588674545288, 1.5910034656524659, 1.576570200920105, 1.5701193809509277, 1.55484619140625, 1.5494985818862914, 1.5780839443206787, 1.5700780153274536, 1.6032747030258179, 1.5897696495056153, 1.5141688466072083, 1.5644389152526856, 1.4844258904457093, 1.5803120136260986, 1.6228278636932374, 1.585837721824646, 1.5748950481414794, 1.563228678703308, 1.5734017133712768, 1.5064428448677063, 1.6020042657852174, 1.5303223371505736, 1.6242784976959228, 1.6569347143173219, 1.7442045211791992, 1.5776482343673706, 1.660915470123291, 1.657436442375183, 1.6829344153404235, 1.6666969299316405, 1.6888887882232666, 1.68473219871521, 1.6965802907943726, 1.8293161630630492, 1.6760606050491333, 1.7128480911254882, 1.7623254776000976, 1.7934141397476195, 1.765263271331787, 1.8305054903030396, 1.7627617359161376, 1.9379022359848022, 1.7731240272521973, 1.876083993911743, 1.890095043182373, 2.013137698173523, 1.849529767036438, 2.005225324630737, 2.078409481048584, 1.9645591497421264, 2.080548620223999, 1.9750813961029052, 2.0460470080375672, 2.0389883041381838, 2.0468038082122804, 2.158294439315796, 2.14561014175415, 2.3594873428344725, 2.0026776790618896], "val_accs": [0.10625, 0.10625, 0.1125, 0.1125, 0.16875, 0.15, 0.1875, 0.1875, 0.225, 0.24375, 0.26875, 0.28125, 0.25, 0.24375, 0.325, 0.3, 0.35, 0.3125, 0.2875, 0.30625, 0.33125, 0.31875, 0.35, 0.35625, 0.31875, 0.375, 0.3625, 0.43125, 0.39375, 0.38125, 0.4375, 0.3875, 0.4375, 0.43125, 0.44375, 0.4375, 0.45625, 0.45, 0.46875, 0.46875, 0.4875, 0.4375, 0.45, 0.46875, 0.5, 0.525, 0.50625, 0.4625, 0.4875, 0.49375, 0.45625, 0.49375, 0.50625, 0.5375, 0.5125, 0.5125, 0.50625, 0.51875, 0.50625, 0.50625, 0.525, 0.475, 0.53125, 0.5125, 0.4625, 0.475, 0.525, 0.5125, 0.5, 0.50625, 0.53125, 0.475, 0.54375, 0.50625, 0.48125, 0.525, 0.525, 0.5, 0.49375, 0.525, 0.525, 0.5, 0.475, 0.53125, 0.49375, 0.5125, 0.5, 0.5125, 0.50625, 0.4875, 0.50625, 0.50625, 0.525, 0.48125, 0.50625, 0.49375, 0.5125, 0.5125, 0.49375, 0.5375], "best_val_epoch": 73, "lr": 0.0001, "batch_size": 32}