{"model": "CNN", "train_losses": [2.3010572671890257, 2.295547866821289, 2.280071187019348, 2.241462063789368, 2.1623945951461794, 2.096914917230606, 2.0324373126029966, 2.0104617178440094, 1.9561198234558106, 1.9257112979888915, 1.881274950504303, 1.850290870666504, 1.823528343439102, 1.8038881123065948, 1.7691002011299133, 1.741173231601715, 1.7053830325603485, 1.7122997641563416, 1.6823503911495208, 1.6661084830760955, 1.6497573673725128, 1.5894719302654265, 1.5829973578453065, 1.5818044900894166, 1.5266519069671631, 1.5128352463245391, 1.549564504623413, 1.4875521600246429, 1.4500079214572907, 1.4347789227962493, 1.4207461893558502, 1.4088417410850524, 1.3475689947605134, 1.3495847880840302, 1.3330081760883332, 1.2937857806682587, 1.2729301631450654, 1.2235633730888367, 1.2354723930358886, 1.2022442936897277, 1.1848857820034027, 1.1329544574022292, 1.156062975525856, 1.1485829859972, 1.1150815784931183, 1.0644350081682206, 1.0672212451696397, 1.0638514757156372, 1.0101438969373704, 0.9994141817092895, 1.03714399933815, 0.9716394782066345, 0.937002032995224, 0.9309584021568298, 0.8995641201734543, 0.8847199261188508, 0.8619214713573455, 0.8991050153970719, 0.8358913660049438, 0.8646768212318421, 0.7959798187017441, 0.7885530978441239, 0.7611714005470276, 0.7396051436662674, 0.781740814447403, 0.6932620406150818, 0.7362917363643646, 0.6924777060747147, 0.7110262721776962, 0.7059876844286919, 0.653101310133934, 0.655478797852993, 0.5894063130021095, 0.6266629844903946, 0.5631845727562904, 0.5930586397647858, 0.5623589560389519, 0.5309702351689338, 0.5546559154987335, 0.5185643091797829, 0.4814696729183197, 0.4591081470251083, 0.46654166132211683, 0.4635301411151886, 0.438556806743145, 0.42300001382827757, 0.42386763244867326, 0.41340174376964567, 0.408144810795784, 0.3638513311743736, 0.35445701628923415, 0.3465798795223236, 0.3732476904988289, 0.29853285700082777, 0.3544729880988598, 0.3494668066501617, 0.2880960613489151, 0.28502681851387024, 0.2591889169067144, 0.27067588940262793], "train_accs": [0.10954616588419405, 0.10954616588419405, 0.12832550860719874, 0.19874804381846636, 0.19092331768388107, 0.19248826291079812, 0.22065727699530516, 0.28169014084507044, 0.3333333333333333, 0.3395931142410016, 0.3646322378716745, 0.36306729264475746, 0.38341158059467917, 0.38810641627543035, 0.37871674491392804, 0.405320813771518, 0.4209702660406886, 0.39123630672926446, 0.40375586854460094, 0.4491392801251956, 0.4162754303599374, 0.48043818466353677, 0.4679186228482003, 0.48200312989045385, 0.4835680751173709, 0.5054773082942097, 0.514866979655712, 0.5039123630672926, 0.5086071987480438, 0.5211267605633803, 0.5602503912363067, 0.5070422535211268, 0.5821596244131455, 0.5790297339593115, 0.5868544600938967, 0.6071987480438185, 0.621283255086072, 0.622848200312989, 0.6009389671361502, 0.6338028169014085, 0.6666666666666666, 0.672926447574335, 0.6416275430359938, 0.6604068857589984, 0.701095461658842, 0.6604068857589984, 0.6823161189358372, 0.6964006259780907, 0.6901408450704225, 0.7245696400625978, 0.6995305164319249, 0.7073552425665102, 0.7370892018779343, 0.702660406885759, 0.7496087636932708, 0.7402190923317684, 0.7605633802816901, 0.7480438184663537, 0.7683881064162754, 0.7918622848200313, 0.7824726134585289, 0.7887323943661971, 0.7996870109546166, 0.8012519561815337, 0.784037558685446, 0.809076682316119, 0.8184663536776213, 0.8278560250391236, 0.8137715179968701, 0.8137715179968701, 0.8325508607198748, 0.8309859154929577, 0.8466353677621283, 0.8450704225352113, 0.8309859154929577, 0.8716744913928013, 0.8466353677621283, 0.8701095461658842, 0.8622848200312989, 0.8904538341158059, 0.8841940532081377, 0.9014084507042254, 0.8935837245696401, 0.8935837245696401, 0.9107981220657277, 0.9107981220657277, 0.92018779342723, 0.9029733959311425, 0.9217527386541471, 0.9358372456964006, 0.9264475743348983, 0.94679186228482, 0.917057902973396, 0.9405320813771518, 0.9264475743348983, 0.917057902973396, 0.9499217527386542, 0.9436619718309859, 0.9530516431924883, 0.9530516431924883], "val_losses": [2.306791830062866, 2.304187870025635, 2.2922705173492433, 2.2717294692993164, 2.2310120105743407, 2.1844691038131714, 2.1443862676620484, 2.139795684814453, 2.10584614276886, 2.065304923057556, 2.043384552001953, 2.0243988275527953, 2.002629852294922, 1.9922378778457641, 1.9645066738128663, 1.9605035066604615, 1.9281664133071899, 1.963190221786499, 1.908377432823181, 1.9100751399993896, 1.8785509586334228, 1.8488320350646972, 1.8578981399536132, 1.830225896835327, 1.806012511253357, 1.7898696184158325, 1.8064480066299438, 1.7912878036499023, 1.7490355014801025, 1.725991439819336, 1.7158887147903443, 1.7111825227737427, 1.6772087574005128, 1.6488566875457764, 1.6780536413192748, 1.6245321750640869, 1.5893213510513307, 1.5950128078460692, 1.5928831815719604, 1.605332863330841, 1.5725839853286743, 1.5385717749595642, 1.5478123426437378, 1.558541178703308, 1.5264184713363647, 1.5263414263725281, 1.5098653554916381, 1.526007878780365, 1.5123442649841308, 1.505116307735443, 1.5382467985153199, 1.4567676305770874, 1.4606501936912537, 1.487228775024414, 1.4597010374069215, 1.458433485031128, 1.4199398159980774, 1.5119603633880616, 1.4440028190612793, 1.4265974521636964, 1.4186279773712158, 1.4420268535614014, 1.4649281620979309, 1.4459811210632325, 1.4359828114509583, 1.4869409084320069, 1.4884334206581116, 1.4148695707321166, 1.4530339598655702, 1.4398357629776002, 1.434056544303894, 1.4114702939987183, 1.4626780986785888, 1.433719515800476, 1.4686682939529419, 1.4229499220848083, 1.4667489051818847, 1.4408127307891845, 1.5369035959243775, 1.4605027675628661, 1.5260141968727112, 1.4674456357955932, 1.5065597534179687, 1.4875587344169616, 1.468708574771881, 1.5358218431472779, 1.474380898475647, 1.5554529786109925, 1.4939106345176696, 1.4910818099975587, 1.5000867128372193, 1.4577557444572449, 1.5900436520576477, 1.5378565788269043, 1.4677966117858887, 1.5137329697608948, 1.512237560749054, 1.566916048526764, 1.5685878276824952, 1.514950954914093], "val_accs": [0.0875, 0.0875, 0.10625, 0.11875, 0.10625, 0.125, 0.13125, 0.2125, 0.20625, 0.28125, 0.3125, 0.29375, 0.3125, 0.3375, 0.33125, 0.33125, 0.35, 0.30625, 0.34375, 0.3625, 0.325, 0.4125, 0.4125, 0.41875, 0.40625, 0.43125, 0.375, 0.4, 0.41875, 0.4125, 0.4375, 0.43125, 0.45625, 0.40625, 0.41875, 0.48125, 0.46875, 0.46875, 0.4625, 0.49375, 0.4875, 0.49375, 0.49375, 0.44375, 0.51875, 0.4875, 0.50625, 0.525, 0.49375, 0.50625, 0.50625, 0.5375, 0.54375, 0.5375, 0.5375, 0.50625, 0.53125, 0.50625, 0.4875, 0.54375, 0.5125, 0.5125, 0.51875, 0.525, 0.53125, 0.54375, 0.525, 0.5375, 0.54375, 0.53125, 0.54375, 0.5375, 0.5125, 0.56875, 0.51875, 0.56875, 0.50625, 0.55625, 0.5375, 0.56875, 0.5375, 0.56875, 0.525, 0.525, 0.55625, 0.55, 0.56875, 0.5375, 0.5625, 0.56875, 0.55, 0.5875, 0.53125, 0.575, 0.5875, 0.54375, 0.575, 0.55, 0.55625, 0.58125], "best_val_epoch": 92, "lr": 0.0001, "batch_size": 32}