{"model": "CNN", "train_losses": [2.29970178604126, 2.290378749370575, 2.246109664440155, 2.122290754318237, 1.9869426846504212, 1.9411111235618592, 1.9202110052108765, 1.8576911389827728, 1.810276073217392, 1.8078339397907257, 1.7973666489124298, 1.7221362709999084, 1.667103886604309, 1.6445161879062653, 1.6319681644439696, 1.6035861372947693, 1.5822853803634644, 1.5328640162944793, 1.5408766508102416, 1.4727428436279297, 1.4634717166423798, 1.4314716637134552, 1.3883195340633392, 1.3844464123249054, 1.351316124200821, 1.3122433602809906, 1.2745444357395173, 1.2639918148517608, 1.2225887477397919, 1.1939418703317641, 1.164646315574646, 1.106825616955757, 1.0389587044715882, 1.0520893961191178, 1.0044285655021667, 0.9498778253793716, 0.9236888706684112, 0.869452029466629, 0.8792355269193649, 0.8189745306968689, 0.7797768861055374, 0.7244636654853821, 0.725671274960041, 0.6915257573127747, 0.6251235291361809, 0.6428830936551094, 0.618342524766922, 0.5889526456594467, 0.5195347458124161, 0.5153930738568306, 0.48125390261411666, 0.45827915966510774, 0.4511665657162666, 0.42958752661943433, 0.35766019076108935, 0.34817242324352266, 0.36497032195329665, 0.29416991099715234, 0.2818010553717613, 0.2563939064741135, 0.2445274204015732, 0.23551376834511756, 0.2224687274545431, 0.19423165321350097, 0.18036465905606747, 0.16368165649473668, 0.1883329190313816, 0.13901131190359592, 0.13471144661307335, 0.12241868637502193, 0.12020969055593014, 0.10911490488797426, 0.09206874780356884, 0.08211154434829951, 0.07460424490272999, 0.07581164706498385, 0.0771911669522524, 0.07122777011245489, 0.07592493537813425, 0.05588799919933081, 0.07183806989341975, 0.04818053203634918, 0.050395975913852455, 0.04328833231702447, 0.03301889928989112, 0.04372141784988344, 0.035113264247775076, 0.031499516172334555, 0.034051300352439286, 0.025333138648420572, 0.020870573120191693, 0.025881586084142327, 0.019871997251175343, 0.021136667323298754, 0.02188323554582894, 0.02294554407708347, 0.019946760474704207, 0.013886892725713551, 0.012992548500187695, 0.015372332092374564], "train_accs": [0.10015649452269171, 0.11580594679186229, 0.2300469483568075, 0.2378716744913928, 0.2676056338028169, 0.30672926447574334, 0.3208137715179969, 0.35837245696400627, 0.36932707355242567, 0.38028169014084506, 0.35837245696400627, 0.4350547730829421, 0.40688575899843504, 0.40219092331768386, 0.41471048513302033, 0.47417840375586856, 0.42566510172143973, 0.47730829420970267, 0.4616588419405321, 0.4726134585289515, 0.5414710485133021, 0.5164319248826291, 0.5289514866979655, 0.5477308294209703, 0.543035993740219, 0.5461658841940532, 0.5743348982785602, 0.5993740219092332, 0.6040688575899843, 0.6259780907668232, 0.6259780907668232, 0.6463223787167449, 0.6776212832550861, 0.6823161189358372, 0.6823161189358372, 0.7245696400625978, 0.7089201877934272, 0.7370892018779343, 0.7355242566510172, 0.7574334898278561, 0.7605633802816901, 0.7871674491392802, 0.7762128325508607, 0.7902973395931142, 0.8184663536776213, 0.8231611893583725, 0.8169014084507042, 0.8137715179968701, 0.8622848200312989, 0.8622848200312989, 0.865414710485133, 0.8513302034428795, 0.863849765258216, 0.8701095461658842, 0.8998435054773083, 0.9280125195618153, 0.9233176838810642, 0.9123630672926447, 0.9327073552425665, 0.9358372456964006, 0.9499217527386542, 0.9420970266040689, 0.9374021909233177, 0.9702660406885759, 0.9640062597809077, 0.9608763693270735, 0.9593114241001565, 0.97339593114241, 0.97339593114241, 0.9859154929577465, 0.9765258215962441, 0.9859154929577465, 0.9874804381846636, 0.9921752738654147, 0.9906103286384976, 0.9906103286384976, 0.9906103286384976, 0.9921752738654147, 0.9890453834115805, 0.9953051643192489, 0.9874804381846636, 0.9968701095461658, 0.9984350547730829, 0.9968701095461658, 0.9968701095461658, 0.9937402190923318, 0.9953051643192489, 0.9968701095461658, 0.9968701095461658, 0.9968701095461658, 0.9984350547730829, 0.9968701095461658, 0.9984350547730829, 0.9984350547730829, 0.9968701095461658, 0.9968701095461658, 0.9984350547730829, 0.9984350547730829, 0.9984350547730829, 0.9984350547730829], "val_losses": [2.307935380935669, 2.2963454246521, 2.2643731117248533, 2.1910616397857665, 2.104195499420166, 2.065548062324524, 2.081264591217041, 2.003428840637207, 1.976220679283142, 1.975700283050537, 1.944963002204895, 1.92125563621521, 1.9040323734283446, 1.8952563762664796, 1.9026166439056396, 1.8949127435684203, 1.8536509275436401, 1.847379469871521, 1.8773018360137939, 1.8440120458602904, 1.788168454170227, 1.8000369310379027, 1.7853480577468872, 1.7831212997436523, 1.7844550132751464, 1.7403618335723876, 1.7131808042526244, 1.6834338426589965, 1.6801214456558227, 1.673955464363098, 1.6417214512825011, 1.6506978511810302, 1.6129109025001527, 1.629006564617157, 1.6190581321716309, 1.5636399507522583, 1.6051416158676148, 1.5550857543945313, 1.5430897235870362, 1.5625073671340943, 1.5668286085128784, 1.5338790774345399, 1.5124248266220093, 1.5369441151618957, 1.5113981723785401, 1.5302242398262025, 1.5449783325195312, 1.5251436114311219, 1.5194128036499024, 1.5017930030822755, 1.486513900756836, 1.5704534292221068, 1.5953952074050903, 1.603499138355255, 1.6181544303894042, 1.5821271419525147, 1.6189686059951782, 1.6454213380813598, 1.6296624422073365, 1.6231411457061768, 1.5840791702270507, 1.6283597469329834, 1.7190364122390747, 1.6326663732528686, 1.7005818128585815, 1.804727268218994, 1.733985471725464, 1.7670761585235595, 1.9046478986740112, 1.8223707914352416, 1.8851658344268798, 1.7638344287872314, 1.8572903871536255, 1.8750280857086181, 1.8842111587524415, 1.874857449531555, 1.9284115314483643, 1.9787914991378783, 1.9639892578125, 1.9098629713058473, 1.9660523891448975, 2.1288678646087646, 2.148140215873718, 2.0122073888778687, 2.180424952507019, 2.1637311220169066, 2.1596729516983033, 2.083504009246826, 2.0551684856414796, 2.048747253417969, 2.190424084663391, 2.2413251876831053, 2.163368058204651, 2.181795358657837, 2.3212681293487547, 2.210371398925781, 2.335817337036133, 2.2862962245941163, 2.2633389234542847, 2.3985739231109617], "val_accs": [0.075, 0.09375, 0.14375, 0.23125, 0.25, 0.2375, 0.25, 0.31875, 0.3, 0.35625, 0.30625, 0.35, 0.33125, 0.325, 0.33125, 0.36875, 0.31875, 0.38125, 0.34375, 0.36875, 0.41875, 0.39375, 0.4, 0.4, 0.43125, 0.4125, 0.45, 0.39375, 0.49375, 0.43125, 0.45625, 0.475, 0.49375, 0.4625, 0.5, 0.475, 0.475, 0.49375, 0.5, 0.525, 0.49375, 0.51875, 0.50625, 0.5375, 0.55625, 0.54375, 0.50625, 0.5375, 0.51875, 0.53125, 0.56875, 0.51875, 0.5375, 0.5125, 0.51875, 0.55, 0.5375, 0.55, 0.5875, 0.55625, 0.575, 0.575, 0.51875, 0.56875, 0.5625, 0.5375, 0.525, 0.5375, 0.53125, 0.55, 0.55, 0.56875, 0.55, 0.575, 0.55, 0.55625, 0.575, 0.575, 0.5375, 0.56875, 0.575, 0.58125, 0.5, 0.5625, 0.53125, 0.5625, 0.55625, 0.525, 0.55, 0.5625, 0.5625, 0.5625, 0.56875, 0.5375, 0.5125, 0.5375, 0.55625, 0.575, 0.55, 0.55625], "best_val_epoch": 59, "lr": 0.0001, "batch_size": 32}