{"model": "CNN", "train_losses": [2.3018941938877107, 2.296875703334808, 2.2895731151103975, 2.2798402309417725, 2.260914295911789, 2.237637513875961, 2.208753490447998, 2.1708876967430113, 2.1343747049570085, 2.1013052850961684, 2.0656617999076845, 2.0373469263315203, 2.0121316760778427, 1.9906327307224274, 1.9749007731676103, 1.9461169689893723, 1.9265428721904754, 1.91879540681839, 1.9004889518022536, 1.8763123035430909, 1.8554061710834504, 1.8374350726604463, 1.8327982664108275, 1.8110478043556213, 1.804666095972061, 1.7827565908432006, 1.7689310669898988, 1.7566932410001754, 1.743778857588768, 1.719439435005188, 1.7065773457288742, 1.697306464612484, 1.680560550093651, 1.6744283109903335, 1.6651929378509522, 1.6441398113965988, 1.638873243331909, 1.6206060618162155, 1.599747371673584, 1.6015450268983842, 1.5918323397636414, 1.576824462413788, 1.5682021915912627, 1.5429780542850495, 1.5264676600694655, 1.5237785398960113, 1.5155007898807527, 1.5074189633131028, 1.4863233119249344, 1.477684949338436], "train_accs": [0.09546165884194054, 0.09546165884194054, 0.15179968701095461, 0.18466353677621283, 0.17683881064162754, 0.19092331768388107, 0.19405320813771518, 0.24256651017214398, 0.24882629107981222, 0.28325508607198746, 0.2566510172143975, 0.27073552425665104, 0.30672926447574334, 0.30985915492957744, 0.3129890453834116, 0.36619718309859156, 0.350547730829421, 0.35837245696400627, 0.39593114241001565, 0.38184663536776214, 0.38810641627543035, 0.4162754303599374, 0.38810641627543035, 0.40688575899843504, 0.4084507042253521, 0.4131455399061033, 0.4241001564945227, 0.4287949921752739, 0.4460093896713615, 0.4491392801251956, 0.4413145539906103, 0.4491392801251956, 0.4694835680751174, 0.4507042253521127, 0.4694835680751174, 0.4679186228482003, 0.4522691705790297, 0.4726134585289515, 0.4835680751173709, 0.4835680751173709, 0.48982785602503914, 0.4694835680751174, 0.4835680751173709, 0.5023474178403756, 0.5070422535211268, 0.514866979655712, 0.5054773082942097, 0.5226917057902973, 0.5320813771517997, 0.5383411580594679], "val_losses": [2.3020752906799316, 2.3024662017822264, 2.296947479248047, 2.2910422801971437, 2.2799919843673706, 2.2644263029098513, 2.239889979362488, 2.223134899139404, 2.195977473258972, 2.1727189302444456, 2.1598533630371093, 2.1409162282943726, 2.113960862159729, 2.1033472180366517, 2.1057737112045287, 2.0679051876068115, 2.0671305656433105, 2.0770917892456056, 2.0266956210136415, 2.025522840023041, 2.0084262013435366, 1.9989134788513183, 2.0107757091522216, 1.9831536293029786, 1.9925476431846618, 1.967034673690796, 1.9412282943725585, 1.9469905734062194, 1.9402337670326233, 1.9174563884735107, 1.9192815899848938, 1.9100190639495849, 1.9014068603515626, 1.897181010246277, 1.9006454944610596, 1.8905244588851928, 1.8808833599090575, 1.8844731807708741, 1.8627081394195557, 1.8767156839370727, 1.8653797268867494, 1.85045268535614, 1.8304754614830017, 1.839742660522461, 1.8353112459182739, 1.8295275211334228, 1.8082846760749818, 1.800759208202362, 1.7906988501548766, 1.793963873386383], "val_accs": [0.075, 0.075, 0.125, 0.1125, 0.10625, 0.13125, 0.125, 0.18125, 0.125, 0.20625, 0.15, 0.2, 0.2125, 0.25, 0.25, 0.2875, 0.2875, 0.26875, 0.275, 0.25625, 0.26875, 0.28125, 0.30625, 0.275, 0.3125, 0.28125, 0.26875, 0.29375, 0.2875, 0.275, 0.30625, 0.31875, 0.325, 0.30625, 0.3, 0.35, 0.35, 0.33125, 0.35, 0.35, 0.33125, 0.35625, 0.35625, 0.375, 0.33125, 0.375, 0.35, 0.3875, 0.375, 0.3625], "best_val_epoch": 48, "lr": 1e-05, "batch_size": 16}