{"model": "CNN", "train_losses": [2.235477316379547, 2.125694972276688, 2.031808245182037, 1.8666991114616394, 1.7424833178520203, 1.6614782124757768, 1.6064501076936721, 1.5212480515241622, 1.451837557554245, 1.4000068217515946, 1.3847992449998856, 1.3284155905246735, 1.319594642519951, 1.244279830157757, 1.2133342266082763, 1.1864152938127517, 1.1197836861014365, 1.0573208585381508, 1.0361249446868896, 0.9853515937924385, 0.9623518869280815, 0.945650477707386, 0.9101266726851464, 0.9085708230733871, 0.8574238196015358, 0.8633569411933422, 0.8159442842006683, 0.8135581359267234, 0.7901652872562408, 0.738642194122076, 0.6607489615678788, 0.6797898411750793, 0.6544587902724743, 0.6324127167463303, 0.596967052668333, 0.6060627058148385, 0.5387552760541439, 0.5454840168356896, 0.5346833877265453, 0.49588611014187334], "train_accs": [0.21283255086071987, 0.3082942097026604, 0.3427230046948357, 0.37715179968701096, 0.433489827856025, 0.43661971830985913, 0.48826291079812206, 0.5915492957746479, 0.5508607198748043, 0.6040688575899843, 0.5367762128325508, 0.596244131455399, 0.6134585289514867, 0.6525821596244131, 0.6682316118935837, 0.6322378716744914, 0.6791862284820032, 0.6807511737089202, 0.6979655712050078, 0.7089201877934272, 0.6964006259780907, 0.7261345852895149, 0.7276995305164319, 0.7402190923317684, 0.755868544600939, 0.7386541471048513, 0.7730829420970265, 0.7480438184663537, 0.7652582159624414, 0.7683881064162754, 0.8169014084507042, 0.8184663536776213, 0.8278560250391236, 0.8184663536776213, 0.8466353677621283, 0.8059467918622848, 0.8685446009389671, 0.8560250391236307, 0.8622848200312989, 0.8732394366197183], "val_losses": [2.250075173377991, 2.1895273208618162, 2.0903867959976195, 1.9905441403388977, 1.8819795966148376, 1.815967857837677, 1.7822283387184144, 1.7054024696350099, 1.6430200219154358, 1.621923851966858, 1.6028716325759889, 1.5615248441696168, 1.5576874494552613, 1.5158572316169738, 1.507279634475708, 1.4983020901679993, 1.4012358486652374, 1.3827500224113465, 1.378166526556015, 1.3462629795074463, 1.3286032736301423, 1.3473140835762023, 1.2908804297447205, 1.3182804226875304, 1.2790587246418, 1.2768791735172271, 1.272635817527771, 1.2468298345804214, 1.2334945440292358, 1.2402368485927582, 1.187668776512146, 1.2039841890335083, 1.21007639169693, 1.232897651195526, 1.1914588510990143, 1.2210937976837157, 1.2012040853500365, 1.1937903881072998, 1.1873624980449677, 1.1891905546188355], "val_accs": [0.18125, 0.2375, 0.325, 0.28125, 0.375, 0.3375, 0.35, 0.46875, 0.45625, 0.44375, 0.44375, 0.475, 0.4875, 0.51875, 0.48125, 0.475, 0.54375, 0.54375, 0.51875, 0.5625, 0.58125, 0.53125, 0.6, 0.58125, 0.59375, 0.5875, 0.60625, 0.59375, 0.6, 0.6125, 0.625, 0.61875, 0.6125, 0.5875, 0.61875, 0.59375, 0.625, 0.65, 0.6125, 0.63125], "best_val_epoch": 38, "lr": 0.0001, "batch_size": 16}