{"model": "CNN", "train_losses": [2.193972682952881, 2.0606129467487335, 1.9146347761154174, 1.8106198608875275, 1.6600729525089264, 1.5787820994853974, 1.458876234292984, 1.4185387790203094, 1.32772376537323, 1.1673808813095092, 1.1801265984773637, 1.0616591691970825, 0.9993572443723678, 0.914392027258873, 0.8211099863052368, 0.8118980795145034, 0.7401791214942932, 0.691596981883049, 0.6013568580150604, 0.5850934267044068, 0.5203832238912582, 0.5478947013616562, 0.43724378794431684, 0.38827904015779496, 0.3537226960062981, 0.31964012756943705, 0.29432678446173666, 0.2675782024860382, 0.21727552711963655, 0.19422661438584327, 0.17056481689214706, 0.14810618832707406, 0.14976565055549146, 0.12207509055733681, 0.10378126762807369, 0.07852139305323362, 0.09337171353399754, 0.07966582477092743, 0.06889271140098571, 0.05887449868023396, 0.05548299755901098, 0.04634021669626236, 0.05351896397769451, 0.04750377032905817, 0.04050629553385079, 0.028330364963039756, 0.03639748641289771, 0.023835746152326465, 0.02760859508998692, 0.023381243646144866, 0.026121068210341037, 0.021200734283775093, 0.020205536449793726, 0.01713449666276574, 0.018782036879565568, 0.012412239040713757, 0.015023238980211318, 0.011058603273704648, 0.010029317415319382, 0.009520205005537718, 0.011193339398596435, 0.008032062591519206, 0.007612709337263368, 0.006799497827887535, 0.0067118052742443975, 0.006953474826877937, 0.0057578755571739745, 0.006998149779974483, 0.0055450189422117544, 0.0067143204272724685, 0.0053820403991267085, 0.005121949862223118, 0.006037875625770539, 0.00483643232146278, 0.00609903134900378, 0.004526127118151635, 0.004981894412776455, 0.004916047921869904, 0.004788062276202254, 0.004544390068622306, 0.003785274611436762, 0.0037920071539701895, 0.0038391147754737176, 0.0036363612409331834, 0.003975677018752321, 0.0033399361040210352, 0.003846881705976557, 0.003635072808538098, 0.0034067006294208114, 0.0033604878990445286, 0.003295805992820533, 0.003342602499469649, 0.0032829685616889035, 0.0032916988231590947, 0.003096182209264953, 0.002831893542315811, 0.003112034172954736, 0.0038202846189960837, 0.002836895152722718, 0.0030995429129689], "train_accs": [0.18622848200312989, 0.39123630672926446, 0.405320813771518, 0.4522691705790297, 0.4272300469483568, 0.5367762128325508, 0.5727699530516432, 0.5633802816901409, 0.6353677621283255, 0.6776212832550861, 0.6995305164319249, 0.7136150234741784, 0.7355242566510172, 0.7824726134585289, 0.7934272300469484, 0.7949921752738655, 0.812206572769953, 0.8450704225352113, 0.8560250391236307, 0.863849765258216, 0.8935837245696401, 0.9061032863849765, 0.92018779342723, 0.9264475743348983, 0.9483568075117371, 0.9499217527386542, 0.9530516431924883, 0.9593114241001565, 0.9655712050078247, 0.974960876369327, 0.971830985915493, 0.9796557120500783, 0.9859154929577465, 0.9859154929577465, 0.9953051643192489, 0.9937402190923318, 0.9906103286384976, 0.9890453834115805, 0.9937402190923318, 0.9953051643192489, 0.9937402190923318, 0.9968701095461658, 0.9968701095461658, 0.9906103286384976, 0.9968701095461658, 0.9968701095461658, 0.9953051643192489, 0.9984350547730829, 0.9968701095461658, 0.9968701095461658, 0.9953051643192489, 0.9984350547730829, 0.9984350547730829, 0.9984350547730829, 0.9968701095461658, 0.9984350547730829, 0.9984350547730829, 0.9984350547730829, 0.9984350547730829, 0.9984350547730829, 0.9984350547730829, 0.9984350547730829, 0.9984350547730829, 0.9984350547730829, 0.9984350547730829, 0.9984350547730829, 0.9984350547730829, 0.9984350547730829, 0.9984350547730829, 0.9984350547730829, 0.9984350547730829, 0.9984350547730829, 0.9984350547730829, 0.9984350547730829, 0.9984350547730829, 0.9984350547730829, 0.9984350547730829, 0.9984350547730829, 0.9984350547730829, 0.9984350547730829, 0.9984350547730829, 0.9984350547730829, 0.9984350547730829, 0.9984350547730829, 0.9984350547730829, 0.9984350547730829, 0.9984350547730829, 0.9984350547730829, 0.9984350547730829, 0.9984350547730829, 0.9984350547730829, 0.9984350547730829, 0.9984350547730829, 0.9984350547730829, 0.9984350547730829, 0.9984350547730829, 0.9984350547730829, 0.9984350547730829, 0.9984350547730829, 0.9984350547730829], "val_losses": [2.242629051208496, 2.1533318519592286, 2.0621668815612795, 1.9743207693099976, 1.8999410629272462, 1.843824863433838, 1.7701093912124635, 1.790592622756958, 1.752326202392578, 1.6739583253860473, 1.6850289106369019, 1.6366451740264893, 1.6777285575866698, 1.626984715461731, 1.6150375127792358, 1.6419176816940309, 1.6348087072372437, 1.636047124862671, 1.5802406311035155, 1.5715410947799682, 1.5844626426696777, 1.546560573577881, 1.5966728925704956, 1.5911642789840699, 1.5895623683929443, 1.6161926507949829, 1.5890763521194458, 1.6217623353004456, 1.6652906894683839, 1.6726654052734375, 1.637542176246643, 1.7241231679916382, 1.7480507373809815, 1.7022674560546875, 1.6867428064346313, 1.7875704765319824, 1.8570591688156128, 1.8509486198425293, 1.968787384033203, 1.889595365524292, 1.8546807050704956, 1.9573107719421388, 1.836620569229126, 1.922476601600647, 2.0230945348739624, 1.939552116394043, 1.9854050874710083, 2.068225359916687, 2.0546686172485353, 2.0467473745346068, 2.0664305210113527, 2.0324660301208497, 2.1443323373794554, 2.081925368309021, 2.329121994972229, 2.138465237617493, 2.1573496580123903, 2.2145833492279055, 2.1970051527023315, 2.2620879888534544, 2.3434165716171265, 2.2383864879608155, 2.2846383810043336, 2.3046427965164185, 2.380406641960144, 2.35527184009552, 2.280571460723877, 2.5903556108474732, 2.478953814506531, 2.3350664138793946, 2.323227643966675, 2.3070972681045534, 2.3781298875808714, 2.43214066028595, 2.4425528764724733, 2.461724781990051, 2.5073668241500853, 2.3423465728759765, 2.48232524394989, 2.45651638507843, 2.4047502517700194, 2.432395362854004, 2.444383692741394, 2.427123856544495, 2.6671600580215453, 2.4362255573272704, 2.6138372898101805, 2.477556657791138, 2.5761603116989136, 2.597047305107117, 2.681568145751953, 2.661270499229431, 2.7124483823776244, 2.657352113723755, 2.6363945484161375, 2.694867753982544, 2.7414223194122314, 2.9298694372177123, 2.680074453353882, 2.7490468978881837], "val_accs": [0.125, 0.3, 0.31875, 0.375, 0.3375, 0.38125, 0.43125, 0.4125, 0.39375, 0.5, 0.46875, 0.45, 0.44375, 0.48125, 0.49375, 0.48125, 0.45625, 0.4875, 0.475, 0.48125, 0.5125, 0.50625, 0.5125, 0.4875, 0.50625, 0.5, 0.49375, 0.50625, 0.49375, 0.5, 0.49375, 0.5125, 0.4875, 0.49375, 0.5125, 0.50625, 0.5, 0.4875, 0.49375, 0.5, 0.4875, 0.5125, 0.48125, 0.50625, 0.49375, 0.49375, 0.475, 0.4625, 0.475, 0.50625, 0.4875, 0.51875, 0.475, 0.4875, 0.46875, 0.51875, 0.48125, 0.48125, 0.49375, 0.46875, 0.475, 0.5, 0.5, 0.5, 0.475, 0.46875, 0.525, 0.46875, 0.4875, 0.4875, 0.49375, 0.46875, 0.4625, 0.46875, 0.475, 0.475, 0.48125, 0.475, 0.46875, 0.4625, 0.4625, 0.4875, 0.4875, 0.4875, 0.41875, 0.4625, 0.4625, 0.49375, 0.4625, 0.48125, 0.49375, 0.46875, 0.4375, 0.48125, 0.4875, 0.4625, 0.45625, 0.44375, 0.46875, 0.45625], "best_val_epoch": 67, "lr": 0.0001, "batch_size": 32}