{"model": "CNN", "train_losses": [2.0385255932807924, 1.621119600534439, 1.3193002417683601, 1.110708551108837, 0.9064772665500641, 0.8364813439548016, 0.7807085312902927, 0.6260107040405274, 0.5825552456080914, 0.49631288945674895, 0.4670733861625195, 0.3663596522063017, 0.4125154364854097, 0.2854120325297117, 0.30642119850963356, 0.2184189423918724, 0.19183273874223233, 0.1618901776149869, 0.12708423100411892, 0.11283551789820194, 0.08828487284481526, 0.08748456444591284, 0.06670512934215367, 0.07270571701228619, 0.05224689864553511], "train_accs": [0.3114241001564945, 0.42566510172143973, 0.5602503912363067, 0.6838810641627543, 0.7433489827856025, 0.7480438184663537, 0.7621283255086072, 0.8685446009389671, 0.8482003129890454, 0.8982785602503912, 0.892018779342723, 0.94679186228482, 0.9045383411580594, 0.9640062597809077, 0.9624413145539906, 0.9843505477308294, 0.9859154929577465, 0.9921752738654147, 0.9984350547730829, 0.9937402190923318, 0.9984350547730829, 0.9984350547730829, 0.9984350547730829, 0.9984350547730829, 0.9984350547730829], "val_losses": [2.1774505972862244, 1.8670447707176208, 1.6183031916618347, 1.512926608324051, 1.3852952003479004, 1.3318353414535522, 1.4376726865768432, 1.2421415209770204, 1.2408905923366547, 1.2316842257976532, 1.326865416765213, 1.2818958163261414, 1.3275312066078186, 1.2408611357212067, 1.2961000740528106, 1.1849751591682434, 1.295940065383911, 1.2280335009098053, 1.1446000158786773, 1.1529867708683015, 1.188219851255417, 1.2804273247718811, 1.1575391054153443, 1.276148271560669, 1.1646520733833312], "val_accs": [0.20625, 0.3125, 0.425, 0.4875, 0.55, 0.55, 0.54375, 0.59375, 0.58125, 0.55, 0.56875, 0.61875, 0.55625, 0.59375, 0.6, 0.5875, 0.5625, 0.61875, 0.6125, 0.60625, 0.61875, 0.61875, 0.60625, 0.59375, 0.61875], "best_val_epoch": 12, "lr": 0.0001, "batch_size": 16, "weight_decay": 1e-05}