{"model": "CNN", "train_losses": [2.329300171136856, 1.8957645654678346, 1.9311540752649308, 1.633740532398224, 2.049100062251091, 1.592023465037346, 1.5395311176776887, 1.3589832186698914, 1.3683529168367385, 1.153177982568741, 1.0485722303390503, 0.9632268533110618, 0.9558905825018883, 1.093764890730381, 1.0585743710398674, 0.7371464215219021, 0.655372603982687, 0.7360328562557698, 0.6273685589432716, 0.6203659523278475, 0.6743506979197263, 2.379833993315697, 0.6968756929039955, 0.47056750282645227, 0.25513780787587165, 0.5951546799391508, 0.3888308584690094, 0.2514784898608923, 0.1564424848649651, 0.18623986532911657, 0.20674710161983967, 0.12772917286492885, 0.07645576917566359, 0.0684995045652613, 0.25205562468618153, 0.09045045406091959, 0.12623363751918076, 0.11646250349003821, 0.06260771342786028, 0.3963008062914014, 0.024795192133751698, 0.6478846674785018, 0.04810428614291595, 0.010365430926322005, 0.030749424171517603, 0.053493610699661076, 0.039417322257941124, 0.03304703310786863, 0.020853214964881774, 0.03659380559038254], "train_accs": [0.10015649452269171, 0.3568075117370892, 0.30359937402190923, 0.4241001564945227, 0.23943661971830985, 0.4209702660406886, 0.4084507042253521, 0.5508607198748043, 0.4835680751173709, 0.5790297339593115, 0.6056338028169014, 0.6932707355242567, 0.6572769953051644, 0.6009389671361502, 0.6384976525821596, 0.729264475743349, 0.8059467918622848, 0.7198748043818466, 0.7652582159624414, 0.7636932707355243, 0.730829420970266, 0.40219092331768386, 0.7449139280125195, 0.8403755868544601, 0.9499217527386542, 0.8278560250391236, 0.8622848200312989, 0.92018779342723, 0.9577464788732394, 0.9483568075117371, 0.9405320813771518, 0.9608763693270735, 0.9843505477308294, 0.9859154929577465, 0.9154929577464789, 0.97339593114241, 0.9655712050078247, 0.9483568075117371, 0.9812206572769953, 0.8716744913928013, 0.9937402190923318, 0.8075117370892019, 0.9796557120500783, 0.9984350547730829, 0.9874804381846636, 0.9812206572769953, 0.9874804381846636, 0.9843505477308294, 0.9937402190923318, 0.9843505477308294], "val_losses": [2.370535206794739, 2.0567442297935488, 2.0938095688819884, 1.8057860493659974, 2.1460109055042267, 1.9499965906143188, 1.8429489850997924, 1.585222637653351, 1.7834343791007996, 1.5533084750175477, 1.404793906211853, 1.2612222492694856, 1.3078098237514495, 1.6147099643945695, 1.6375166416168212, 1.2718545138835906, 1.2276845753192902, 1.313577663898468, 1.4653220415115356, 1.4077108681201935, 1.5195667028427124, 3.4096772968769073, 1.6849493324756621, 1.2795679450035096, 1.1674495786428452, 1.6755879789590835, 1.657731980085373, 1.3907387286424637, 1.3745429456233977, 1.5814247965812682, 1.711450919508934, 1.7319791555404662, 1.3743164360523223, 1.5402928352355958, 1.7104734838008882, 1.6282812237739563, 1.8375890254974365, 2.3054444074630736, 1.611695522069931, 2.280472993850708, 1.9222400486469269, 2.9650599509477615, 2.08887360394001, 1.6759126901626586, 2.196214473247528, 2.2818135797977446, 1.7937174022197724, 2.512355017662048, 2.0398842096328735, 2.430924916267395], "val_accs": [0.075, 0.33125, 0.2375, 0.35, 0.19375, 0.33125, 0.3375, 0.4625, 0.33125, 0.45625, 0.5125, 0.63125, 0.6, 0.4625, 0.4375, 0.55, 0.6125, 0.56875, 0.56875, 0.53125, 0.525, 0.35625, 0.49375, 0.58125, 0.6625, 0.53125, 0.5875, 0.60625, 0.5625, 0.58125, 0.58125, 0.61875, 0.65, 0.65, 0.58125, 0.65, 0.60625, 0.55, 0.61875, 0.51875, 0.65, 0.525, 0.625, 0.64375, 0.6125, 0.6125, 0.63125, 0.5625, 0.6125, 0.5875], "best_val_epoch": 25, "lr": 0.0005, "batch_size": 16}