{"model": "CNN", "train_losses": [2.2999292492866514, 2.291804814338684, 2.257706105709076, 2.1679445683956144, 2.1069166868925095, 2.0637112647294997, 2.100280848145485, 2.05163531601429, 2.001377817988396, 1.9852800637483596, 1.9602691501379013, 1.9075301527976989, 1.87729352414608, 1.813120287656784, 1.8108941078186036, 1.8007214099168778, 1.7691982060670852, 1.7449113428592682, 1.7484987616539, 1.7040654987096786, 1.6780155062675477, 1.6456612855196, 1.6264821469783783, 1.5860045909881593, 1.5797273755073546, 1.605521985888481, 1.547782763838768, 1.5221162766218186, 1.5087580248713492, 1.488157296180725, 1.4766346007585525, 1.4627830490469933, 1.4117419213056563, 1.3857285499572753, 1.349442321062088, 1.3513566568493842, 1.3322286382317543, 1.3195287525653838, 1.3211614042520523, 1.3238126426935195, 1.2866662114858627, 1.238217321038246, 1.2226003006100654, 1.21564639210701, 1.222465379536152, 1.1853647768497466, 1.1853204265236854, 1.1533275678753854, 1.183953832089901, 1.1035828724503518, 1.099448597431183, 1.090394689142704, 1.0548853278160095, 1.0564446493983268, 1.03332302197814, 1.0461874037981034, 1.0189649984240532, 1.0787834897637367, 1.0024805277585984, 0.9709619522094727, 0.9665357507765293, 0.9365283370018005, 0.9091075293719768, 0.8884439289569854, 0.9066591873764992, 0.905273300409317, 0.8666973516345025, 0.8757188141345977, 0.8045894667506218, 0.8213814914226532, 0.8379452556371689, 0.8116619296371936, 0.7873921655118465, 0.7624149017035962, 0.7276077091693878, 0.751146425306797, 0.730858912318945, 0.7200435362756252, 0.6817107558250427, 0.6701891228556633, 0.635764867067337, 0.6883823275566101, 0.6579100001603365, 0.6217974916100502, 0.6225596241652965, 0.5827308222651482, 0.5779591865837574, 0.5611708767712116, 0.5793131284415722, 0.5152781940996647, 0.5195831410586834, 0.500246737152338, 0.47541009485721586, 0.48273691087961196, 0.4808967437595129, 0.4652842625975609, 0.4904588796198368, 0.5251451767981052, 0.4174389746040106, 0.42028425484895704], "train_accs": [0.12050078247261346, 0.17683881064162754, 0.18622848200312989, 0.2112676056338028, 0.20344287949921752, 0.22848200312989045, 0.20657276995305165, 0.23317683881064163, 0.28012519561815336, 0.29577464788732394, 0.3082942097026604, 0.3489827856025039, 0.3474178403755869, 0.3442879499217527, 0.3380281690140845, 0.37245696400625977, 0.36306729264475746, 0.40219092331768386, 0.36306729264475746, 0.38184663536776214, 0.39280125195618154, 0.40375586854460094, 0.4131455399061033, 0.4209702660406886, 0.4397496087636933, 0.41001564945226915, 0.4241001564945227, 0.4507042253521127, 0.4491392801251956, 0.46322378716744916, 0.45539906103286387, 0.4569640062597809, 0.5054773082942097, 0.49921752738654146, 0.5446009389671361, 0.5320813771517997, 0.5039123630672926, 0.539906103286385, 0.5461658841940532, 0.5117370892018779, 0.5461658841940532, 0.5602503912363067, 0.5774647887323944, 0.5993740219092332, 0.5727699530516432, 0.5790297339593115, 0.5915492957746479, 0.6103286384976526, 0.5758998435054773, 0.6291079812206573, 0.622848200312989, 0.6353677621283255, 0.6463223787167449, 0.6322378716744914, 0.651017214397496, 0.647887323943662, 0.6431924882629108, 0.6009389671361502, 0.6572769953051644, 0.6682316118935837, 0.6572769953051644, 0.6713615023474179, 0.6823161189358372, 0.6995305164319249, 0.6870109546165885, 0.6838810641627543, 0.7198748043818466, 0.702660406885759, 0.7245696400625978, 0.7183098591549296, 0.7230046948356808, 0.7183098591549296, 0.730829420970266, 0.7480438184663537, 0.755868544600939, 0.7417840375586855, 0.7417840375586855, 0.7574334898278561, 0.7809076682316118, 0.7762128325508607, 0.7856025039123631, 0.7386541471048513, 0.7824726134585289, 0.7871674491392802, 0.784037558685446, 0.7981220657276995, 0.812206572769953, 0.8247261345852895, 0.8028169014084507, 0.837245696400626, 0.8325508607198748, 0.8325508607198748, 0.8435054773082942, 0.8435054773082942, 0.8466353677621283, 0.8513302034428795, 0.8294209702660407, 0.8215962441314554, 0.8622848200312989, 0.8732394366197183], "val_losses": [2.303984451293945, 2.299240803718567, 2.2828591585159304, 2.2500980377197264, 2.2187869787216186, 2.193571078777313, 2.2753053307533264, 2.2051778197288514, 2.1729553937911987, 2.1467989802360536, 2.1275129675865174, 2.0801891326904296, 2.0713936567306517, 2.0238009452819825, 1.991399919986725, 2.0049036145210266, 1.9844486117362976, 1.92200465798378, 1.9476614832878112, 1.9509284436702727, 1.9260237693786622, 1.8674735009670258, 1.8646895825862884, 1.8336275696754456, 1.839612478017807, 1.8396718144416808, 1.795891785621643, 1.78494074344635, 1.7980002105236053, 1.8104449808597565, 1.7887402176856995, 1.7500972032546998, 1.7045782566070558, 1.696982592344284, 1.678762638568878, 1.684827047586441, 1.67400683760643, 1.655699610710144, 1.6567811191082, 1.653576397895813, 1.6274492144584656, 1.5685355365276337, 1.5872022926807403, 1.536724042892456, 1.5818682312965393, 1.5665047019720078, 1.5802082419395447, 1.6305768728256225, 1.6020347833633424, 1.5290202260017396, 1.52932211458683, 1.5176060318946838, 1.553687709569931, 1.5262538760900497, 1.4852181136608125, 1.4738789618015289, 1.4710918486118316, 1.52027685046196, 1.4841090977191924, 1.527339968085289, 1.4978392541408538, 1.4874691128730775, 1.5862981796264648, 1.5147319495677949, 1.49367653131485, 1.4806481003761292, 1.4651805698871612, 1.477764055132866, 1.4798518657684325, 1.5237716078758239, 1.5570496499538422, 1.5188730537891388, 1.4853209495544433, 1.4956231772899629, 1.5037796050310135, 1.503673654794693, 1.5184010177850724, 1.5454167544841766, 1.5227047383785248, 1.6211680948734284, 1.5036262333393098, 1.5574006140232086, 1.5782041907310487, 1.5257460713386535, 1.5681125938892364, 1.5469282627105714, 1.5335053145885467, 1.5685081124305724, 1.5936624348163604, 1.563561749458313, 1.566556167602539, 1.662412989139557, 1.620070344209671, 1.6371641397476195, 1.6491844832897187, 1.7262692630290986, 1.7006420016288757, 1.6614859402179718, 1.6369494318962097, 1.67758466899395], "val_accs": [0.1, 0.1125, 0.10625, 0.15625, 0.1875, 0.1625, 0.15625, 0.19375, 0.20625, 0.225, 0.26875, 0.29375, 0.25625, 0.3125, 0.2875, 0.25625, 0.275, 0.3, 0.3125, 0.30625, 0.29375, 0.31875, 0.33125, 0.3625, 0.34375, 0.33125, 0.3375, 0.3375, 0.375, 0.36875, 0.33125, 0.4, 0.39375, 0.39375, 0.39375, 0.3875, 0.4125, 0.4, 0.44375, 0.40625, 0.39375, 0.4125, 0.41875, 0.425, 0.40625, 0.44375, 0.43125, 0.43125, 0.44375, 0.4375, 0.45, 0.475, 0.45625, 0.45, 0.43125, 0.4625, 0.48125, 0.4625, 0.48125, 0.48125, 0.46875, 0.48125, 0.4625, 0.44375, 0.44375, 0.5, 0.46875, 0.5, 0.46875, 0.475, 0.45625, 0.4625, 0.46875, 0.48125, 0.46875, 0.5, 0.48125, 0.5, 0.48125, 0.49375, 0.4625, 0.46875, 0.4625, 0.4875, 0.46875, 0.50625, 0.49375, 0.46875, 0.5, 0.46875, 0.5125, 0.49375, 0.475, 0.5125, 0.48125, 0.45625, 0.53125, 0.53125, 0.50625, 0.4625], "best_val_epoch": 97, "lr": 0.0001, "batch_size": 16}