{"model": "CNN", "train_losses": [2.2908663749694824, 2.222856420278549, 2.198550653457642, 2.1583305835723876, 2.122624883055687, 2.1004539877176285, 2.0604469656944273, 2.032473918795586, 2.0044292241334913, 1.948990485072136, 1.9294532716274262, 1.890463736653328, 1.8533947378396989, 1.833997455239296, 1.7787278771400452, 1.718534767627716, 1.7007658421993255, 1.650241807103157, 1.6398688673973083, 1.569689652323723, 1.5454736262559892, 1.5105871111154556, 1.5000144511461257, 1.4918455600738525, 1.444794437289238, 1.436535006761551, 1.4393907815217972, 1.4038347452878952, 1.3968527138233184, 1.3740959540009499, 1.3871889650821685, 1.367955818772316, 1.3165733009576797, 1.2893649995326997, 1.3439555943012238, 1.282335464656353, 1.2626728653907775, 1.2248674854636192, 1.2197845339775086, 1.209969560801983], "train_accs": [0.1564945226917058, 0.20187793427230047, 0.2269170579029734, 0.3364632237871675, 0.3302034428794992, 0.3442879499217527, 0.37089201877934275, 0.38184663536776214, 0.39123630672926446, 0.3458528951486698, 0.3286384976525822, 0.3380281690140845, 0.37402190923317685, 0.4162754303599374, 0.4428794992175274, 0.5039123630672926, 0.48043818466353677, 0.5336463223787168, 0.5461658841940532, 0.5289514866979655, 0.5336463223787168, 0.5571205007824727, 0.5352112676056338, 0.539906103286385, 0.5790297339593115, 0.5899843505477308, 0.6040688575899843, 0.594679186228482, 0.6150234741784038, 0.593114241001565, 0.593114241001565, 0.5993740219092332, 0.6275430359937402, 0.6384976525821596, 0.6197183098591549, 0.6353677621283255, 0.6322378716744914, 0.672926447574335, 0.6744913928012519, 0.6572769953051644], "val_losses": [2.3069415807724, 2.2493423938751222, 2.230193328857422, 2.19667329788208, 2.1734514474868774, 2.164286994934082, 2.1382810831069947, 2.118631601333618, 2.094550848007202, 2.0588154196739197, 2.0421517729759215, 2.002563786506653, 1.971463394165039, 1.9340969920158386, 1.8951674938201903, 1.8511465668678284, 1.8275904178619384, 1.7889697551727295, 1.7808754205703736, 1.7343133449554444, 1.6993035793304443, 1.673722231388092, 1.6800640225410461, 1.664495313167572, 1.642930543422699, 1.629397737979889, 1.620503842830658, 1.59862562417984, 1.586640477180481, 1.5740066289901733, 1.5825682640075684, 1.5727492570877075, 1.5430166840553283, 1.5296439051628112, 1.5415415644645691, 1.5121198534965514, 1.5145851373672485, 1.4618202328681946, 1.463143789768219, 1.470221722126007], "val_accs": [0.1125, 0.15, 0.16875, 0.29375, 0.26875, 0.2875, 0.29375, 0.2625, 0.275, 0.25625, 0.26875, 0.2625, 0.31875, 0.36875, 0.4, 0.4375, 0.40625, 0.45625, 0.4375, 0.43125, 0.4375, 0.44375, 0.43125, 0.41875, 0.4375, 0.4625, 0.46875, 0.475, 0.51875, 0.49375, 0.49375, 0.48125, 0.5125, 0.50625, 0.50625, 0.525, 0.525, 0.5375, 0.55, 0.51875], "best_val_epoch": 39, "lr": 0.0001, "batch_size": 16}