{"model": "CNN", "train_losses": [2.089249759912491, 1.8087691992521286, 1.6217465311288835, 1.5005196392536164, 1.3390930414199829, 1.2389186337590217, 1.258661152422428, 1.1025132447481156, 1.0366530165076255, 0.944394837319851, 0.857914836704731, 0.7995782107114792, 0.7539151951670646, 0.6974965468049049, 0.6534353561699391, 0.6322348579764366, 0.6152236085385084, 0.5378916949033737, 0.5562861055135727, 0.45894113518297674, 0.549785989522934, 0.4093964707106352, 0.41076504066586494, 0.3458405727520585, 0.3100064054131508, 0.2863040195778012, 0.24688800647854806, 0.283957776799798, 0.22425408028066157, 0.1975490041077137, 0.2023816728964448, 0.15530056934803724, 0.13783250376582146, 0.13207974480465054, 0.11481522135436535, 0.10255178231745958, 0.09607291258871556, 0.10271544903516769, 0.10331722423434257, 0.07211478319950401], "train_accs": [0.27699530516431925, 0.41784037558685444, 0.5086071987480438, 0.5336463223787168, 0.6118935837245696, 0.6541471048513302, 0.6040688575899843, 0.6776212832550861, 0.6964006259780907, 0.7323943661971831, 0.7605633802816901, 0.7949921752738655, 0.7918622848200313, 0.8059467918622848, 0.837245696400626, 0.8466353677621283, 0.8278560250391236, 0.8763693270735524, 0.8685446009389671, 0.9029733959311425, 0.865414710485133, 0.917057902973396, 0.9139280125195618, 0.9358372456964006, 0.9374021909233177, 0.9483568075117371, 0.971830985915493, 0.94679186228482, 0.971830985915493, 0.9812206572769953, 0.971830985915493, 0.9874804381846636, 0.9859154929577465, 0.9890453834115805, 0.9937402190923318, 0.9953051643192489, 0.9953051643192489, 0.9937402190923318, 0.9937402190923318, 0.9984350547730829], "val_losses": [2.1690628290176392, 1.9702730178833008, 1.8197992205619813, 1.7181482195854187, 1.5973183751106261, 1.530982756614685, 1.580386185646057, 1.4250522255897522, 1.391998565196991, 1.3725918292999268, 1.2918118000030518, 1.261739718914032, 1.2544992685317993, 1.2371575951576232, 1.203505265712738, 1.2282985150814056, 1.2819490492343903, 1.1747550070285797, 1.2728441953659058, 1.1417430639266968, 1.3577905118465423, 1.1473352551460265, 1.202289804816246, 1.1603475689888, 1.1866030097007751, 1.2048418045043945, 1.1101258873939515, 1.1807067811489105, 1.1609945058822633, 1.122534054517746, 1.3039895713329315, 1.1991101205348969, 1.175128424167633, 1.189634382724762, 1.1501745879650116, 1.1062528610229492, 1.178874671459198, 1.238037371635437, 1.222852349281311, 1.136455911397934], "val_accs": [0.15625, 0.31875, 0.38125, 0.3875, 0.475, 0.475, 0.46875, 0.59375, 0.55625, 0.56875, 0.58125, 0.625, 0.575, 0.625, 0.625, 0.58125, 0.60625, 0.63125, 0.55625, 0.625, 0.55625, 0.65625, 0.6125, 0.61875, 0.6125, 0.61875, 0.65, 0.65625, 0.61875, 0.6625, 0.575, 0.6375, 0.63125, 0.60625, 0.625, 0.65, 0.65, 0.6, 0.65625, 0.65625], "best_val_epoch": 30, "lr": 0.0001, "batch_size": 16}