{"model": "CNN", "train_losses": [1.9998058199882507, 1.4981053948402405, 1.3018381714820861, 1.135592444241047, 0.9888637989759446, 0.8466110825538635, 0.7477997206151485, 0.6830583117902279, 0.5342596389353276, 0.46802709326148034, 0.43977084159851076, 0.4181106865406036, 0.3347812797874212, 0.2713242661207914, 0.24646869860589504, 0.17661483436822892, 0.16450279746204616, 0.14547959566116334, 0.13961172588169574, 0.11860552849248052, 0.08926110910251736, 0.09343703966587782, 0.07550047961995006, 0.060699840728193524, 0.060100467223674056], "train_accs": [0.30203442879499215, 0.46322378716744916, 0.5571205007824727, 0.6040688575899843, 0.7261345852895149, 0.7605633802816901, 0.8043818466353677, 0.8278560250391236, 0.8748043818466353, 0.9264475743348983, 0.9295774647887324, 0.918622848200313, 0.94679186228482, 0.9780907668231612, 0.9687010954616588, 0.9921752738654147, 0.9937402190923318, 0.9890453834115805, 0.9984350547730829, 0.9937402190923318, 0.9984350547730829, 0.9968701095461658, 0.9984350547730829, 0.9984350547730829, 0.9984350547730829], "val_losses": [2.1197842359542847, 1.7320090413093567, 1.6213608622550963, 1.5163166880607606, 1.464031708240509, 1.3305173754692077, 1.3827122390270232, 1.2544164657592773, 1.2154825747013092, 1.179460161924362, 1.2037358939647675, 1.301182109117508, 1.1847064256668092, 1.188545048236847, 1.1593945801258088, 1.111901831626892, 1.1462371885776519, 1.191947829723358, 1.2136565506458283, 1.1976452708244323, 1.1075887262821198, 1.2384962856769561, 1.1466339111328125, 1.112280160188675, 1.1726304650306703], "val_accs": [0.175, 0.3625, 0.4, 0.45, 0.5, 0.56875, 0.4875, 0.5625, 0.61875, 0.625, 0.58125, 0.59375, 0.63125, 0.625, 0.60625, 0.6375, 0.60625, 0.63125, 0.6125, 0.60625, 0.64375, 0.6375, 0.64375, 0.68125, 0.61875], "best_val_epoch": 24, "lr": 0.0001, "batch_size": 16}