{"model": "CNN", "train_losses": [2.2763262033462524, 2.2128297805786135, 2.12014377117157, 2.0083410263061525, 1.9791483879089355, 1.9037078499794007, 1.8934248089790344, 1.7859876871109008, 1.718093454837799, 1.662643826007843, 1.5445786952972411, 1.4923855304718017, 1.431488275527954, 1.329892921447754, 1.278443205356598, 1.1938836812973022, 1.1788411438465118, 1.0833990335464478, 1.0351813077926635, 1.127576518058777, 0.9634481728076935, 0.9329631805419922, 0.890077406167984, 0.9001055598258972, 0.8870109021663666, 0.8197901308536529, 0.8339695334434509, 0.7606210827827453, 0.7715577721595764, 0.7344252228736877, 0.6721085727214813, 0.6830908954143524, 0.6260401904582977, 0.6100265264511109, 0.7161218822002411, 0.6440058887004853, 0.5781200498342514, 0.5308792203664779, 0.5458537995815277, 0.4748041361570358, 0.48388807773590087, 0.439112451672554, 0.4007086306810379, 0.42213326394557954, 0.3811763197183609, 0.36701750457286836, 0.3665567129850388, 0.3454331338405609, 0.30705087780952456, 0.28750102669000627, 0.2740249618887901, 0.26110334396362306], "train_accs": [0.16588419405320814, 0.19092331768388107, 0.24882629107981222, 0.3348982785602504, 0.3442879499217527, 0.4287949921752739, 0.28482003129890454, 0.37402190923317685, 0.47104851330203446, 0.433489827856025, 0.5352112676056338, 0.4241001564945227, 0.5273865414710485, 0.5852895148669797, 0.593114241001565, 0.6291079812206573, 0.5978090766823161, 0.6697965571205008, 0.6823161189358372, 0.6197183098591549, 0.6995305164319249, 0.7120500782472613, 0.7230046948356808, 0.702660406885759, 0.7183098591549296, 0.755868544600939, 0.7323943661971831, 0.7699530516431925, 0.7464788732394366, 0.7715179968701096, 0.812206572769953, 0.7949921752738655, 0.8137715179968701, 0.8169014084507042, 0.7574334898278561, 0.7793427230046949, 0.8356807511737089, 0.8482003129890454, 0.8184663536776213, 0.8857589984350548, 0.8685446009389671, 0.8763693270735524, 0.8951486697965572, 0.8810641627543035, 0.8888888888888888, 0.9092331768388107, 0.9154929577464789, 0.92018779342723, 0.9342723004694836, 0.9389671361502347, 0.9420970266040689, 0.9546165884194053], "val_losses": [2.2897981802622476, 2.2327089309692383, 2.1651220321655273, 2.1233216921488443, 2.1683595975240073, 2.0979261795679727, 1.9932630856831868, 1.946399490038554, 1.951184868812561, 1.869265119234721, 1.7993534008661907, 1.7511717875798543, 1.7191223700841267, 1.6366333564122517, 1.5664666096369426, 1.6082990964253743, 1.5988099972407024, 1.5370341936747234, 1.5003621578216553, 1.6224517027537029, 1.5065699418385823, 1.4470215638478596, 1.4956893523534138, 1.545742352803548, 1.4616535902023315, 1.4722599983215332, 1.5879111289978027, 1.4412237405776978, 1.5141329765319824, 1.6022640864054363, 1.4875562191009521, 1.4191231727600098, 1.5045547087987263, 1.418683608373006, 1.69406791528066, 1.6142733097076416, 1.3663192590077717, 1.4049453735351562, 1.3269422054290771, 1.4473528861999512, 1.4548153479894002, 1.3516759475072224, 1.3506730794906616, 1.4228965441385906, 1.4242199659347534, 1.4835623900095622, 1.453882376352946, 1.543274203936259, 1.4736074209213257, 1.4769328037897747, 1.4278961420059204, 1.485977013905843], "val_accs": [0.1625, 0.125, 0.175, 0.25625, 0.30625, 0.35625, 0.23125, 0.30625, 0.325, 0.3375, 0.43125, 0.3625, 0.45, 0.45625, 0.46875, 0.49375, 0.4375, 0.50625, 0.5, 0.40625, 0.49375, 0.50625, 0.54375, 0.51875, 0.475, 0.5375, 0.54375, 0.55, 0.49375, 0.50625, 0.50625, 0.55625, 0.53125, 0.58125, 0.50625, 0.525, 0.54375, 0.56875, 0.51875, 0.5625, 0.5375, 0.58125, 0.58125, 0.55625, 0.59375, 0.55, 0.58125, 0.55, 0.58125, 0.5625, 0.54375, 0.5375], "best_val_epoch": 45, "lr": 0.0001, "batch_size": 64}