{"model": "CNN", "train_losses": [1.9680308252573013, 1.567591056227684, 1.250995746254921, 1.0503615006804465, 0.9305841699242592, 0.8159468218684196, 0.7235503867268562, 0.6731856316328049, 0.5661826580762863, 0.48056367598474026, 0.4660950697958469, 0.368896920979023, 0.318076279386878, 0.3383990224450827, 0.2091208677738905, 0.19412136264145374, 0.18455237466841937, 0.17792800366878508, 0.15834709256887436, 0.10409818589687347, 0.08182940231636167, 0.0799238401465118, 0.06411285363137723, 0.06475441320799291, 0.05176640218123794, 0.05786881404928863, 0.03625557757914066, 0.03474197327159345, 0.030982457101345062, 0.03636663807556033, 0.02690880452282727, 0.02601746211294085, 0.023849957529455422, 0.02124266792088747, 0.020993555383756756, 0.017197057337034492, 0.016229579830542205, 0.014181826123967766, 0.013797564781270921, 0.0123347447370179], "train_accs": [0.38341158059467917, 0.4209702660406886, 0.6071987480438185, 0.6948356807511737, 0.7871674491392802, 0.7856025039123631, 0.7934272300469484, 0.7809076682316118, 0.865414710485133, 0.8904538341158059, 0.8701095461658842, 0.9514866979655712, 0.9499217527386542, 0.945226917057903, 0.9843505477308294, 0.9812206572769953, 0.9827856025039123, 0.9796557120500783, 0.9890453834115805, 0.9968701095461658, 0.9968701095461658, 0.9984350547730829, 0.9984350547730829, 0.9984350547730829, 0.9984350547730829, 0.9984350547730829, 0.9984350547730829, 0.9984350547730829, 0.9984350547730829, 0.9984350547730829, 0.9984350547730829, 0.9984350547730829, 0.9984350547730829, 0.9984350547730829, 0.9984350547730829, 0.9984350547730829, 0.9984350547730829, 0.9984350547730829, 0.9984350547730829, 0.9984350547730829], "val_losses": [2.0860492467880247, 1.820754063129425, 1.5959798336029052, 1.478771984577179, 1.4233297944068908, 1.3640369057655335, 1.3386244833469392, 1.352353686094284, 1.3024024605751037, 1.2415943801403047, 1.2925739526748656, 1.223387986421585, 1.1484459698200227, 1.4073599755764008, 1.2135603308677674, 1.2455710828304292, 1.2757104575634002, 1.3006947875022887, 1.2699264883995056, 1.177705806493759, 1.1763865768909454, 1.187089079618454, 1.1942524194717408, 1.2260011166334153, 1.152829074859619, 1.212118211388588, 1.1483115375041961, 1.225653499364853, 1.150242555141449, 1.287374848127365, 1.1261430621147155, 1.2021505892276765, 1.2648982107639313, 1.1712547659873962, 1.1963278770446777, 1.1962196290493012, 1.1810941100120544, 1.1965766966342926, 1.1708368360996246, 1.1806854069232942], "val_accs": [0.30625, 0.35, 0.49375, 0.49375, 0.5, 0.55, 0.55625, 0.5125, 0.575, 0.5625, 0.56875, 0.5875, 0.625, 0.55625, 0.61875, 0.60625, 0.60625, 0.5875, 0.56875, 0.625, 0.61875, 0.6375, 0.625, 0.6375, 0.63125, 0.65, 0.66875, 0.625, 0.65, 0.61875, 0.675, 0.6625, 0.6125, 0.65, 0.6375, 0.6375, 0.6375, 0.63125, 0.65625, 0.65625], "best_val_epoch": 31, "lr": 0.0001, "batch_size": 16}