{"model": "CNN", "train_losses": [2.2769688606262206, 2.060963201522827, 1.9868513941764832, 1.9086932778358459, 1.762216317653656, 1.5610009670257567, 1.4367869257926942, 1.342373788356781, 1.1690399289131164, 1.1053767144680022], "train_accs": [0.1564945226917058, 0.24726134585289514, 0.2347417840375587, 0.3223787167449139, 0.3865414710485133, 0.4272300469483568, 0.49765258215962443, 0.49139280125195617, 0.6056338028169014, 0.5899843505477308], "val_losses": [2.2951815128326416, 2.158653736114502, 2.085774024327596, 2.1155186096827188, 2.0992458264033, 1.8263802925745647, 1.9474261204401653, 1.7543505430221558, 1.7254602114359539, 1.7955070734024048], "val_accs": [0.09375, 0.19375, 0.2375, 0.225, 0.34375, 0.34375, 0.35, 0.3625, 0.425, 0.4], "best_val_epoch": 9, "lr": 0.001, "batch_size": 64}