{"model": "CNN", "train_losses": [2.301357889175415, 2.3009534955024717, 2.3002771973609923, 2.299337649345398, 2.298076069355011, 2.296168875694275, 2.2937178730964662, 2.2901245594024657, 2.2859139800071717, 2.2808842062950134, 2.273786175251007, 2.266174852848053, 2.2568028450012205, 2.2461567878723145, 2.2334569692611694, 2.218371629714966, 2.2026047229766847, 2.1858869552612306, 2.168197011947632, 2.1502898573875426, 2.1334341049194334, 2.1121507048606873, 2.092669117450714, 2.078306758403778, 2.0619056224823, 2.044225758314133, 2.029325360059738, 2.0165861368179323, 2.00285467505455, 1.9877050578594209, 1.9730404376983643, 1.9588258981704711, 1.9478412806987762, 1.9394250571727754, 1.93196559548378, 1.9241501569747925, 1.9128358900547027, 1.9018133938312531, 1.8936159133911132, 1.8860114872455598, 1.876891314983368, 1.8642341673374176, 1.855338215827942, 1.8473650634288787, 1.8389646410942078, 1.8328309118747712, 1.8220848798751832, 1.8181288063526153, 1.8125477969646453, 1.797819471359253, 1.7900656521320344, 1.785150671005249, 1.7754995107650757, 1.764752560853958, 1.7564524829387664, 1.743045347929001, 1.734920072555542, 1.7248588740825652, 1.7196564078330994, 1.709228402376175, 1.7027011275291444, 1.6949792981147767, 1.684235554933548, 1.6782661437988282, 1.6787631869316102, 1.6696981608867645, 1.6587255835533141, 1.6485229015350342, 1.641330736875534, 1.6340050935745238, 1.624129158258438, 1.6151909410953522, 1.6137842953205108, 1.6012453377246856, 1.5935587167739869, 1.5898647904396057, 1.5821922063827514, 1.577484518289566, 1.5756047546863556, 1.5721739113330842, 1.5576616942882537, 1.5521298944950104, 1.5481381237506866, 1.5380561351776123, 1.5312866151332856, 1.5303297460079193, 1.520906925201416, 1.51935675740242, 1.5113525211811065, 1.5041472017765045, 1.497865879535675, 1.4984450399875642, 1.493956631422043, 1.4889253973960876, 1.4824653565883636, 1.4736163139343261, 1.464000290632248, 1.4666054487228393, 1.454355388879776, 1.4562689363956451], "train_accs": [0.10485133020344288, 0.10485133020344288, 0.10485133020344288, 0.10485133020344288, 0.10485133020344288, 0.10485133020344288, 0.1111111111111111, 0.10485133020344288, 0.11424100156494522, 0.14553990610328638, 0.13615023474178403, 0.13615023474178403, 0.16118935837245696, 0.162754303599374, 0.20657276995305165, 0.20970266040688576, 0.215962441314554, 0.215962441314554, 0.23943661971830985, 0.2237871674491393, 0.2519561815336463, 0.24256651017214398, 0.2597809076682316, 0.2597809076682316, 0.26917057902973396, 0.3333333333333333, 0.26917057902973396, 0.29577464788732394, 0.3380281690140845, 0.30672926447574334, 0.325508607198748, 0.3489827856025039, 0.3536776212832551, 0.36619718309859156, 0.350547730829421, 0.3395931142410016, 0.3974960876369327, 0.38810641627543035, 0.37871674491392804, 0.39906103286384975, 0.38810641627543035, 0.40062597809076683, 0.3974960876369327, 0.405320813771518, 0.41001564945226915, 0.405320813771518, 0.4194053208137715, 0.40219092331768386, 0.405320813771518, 0.4194053208137715, 0.43661971830985913, 0.4131455399061033, 0.4287949921752739, 0.4241001564945227, 0.4350547730829421, 0.4381846635367762, 0.4303599374021909, 0.4444444444444444, 0.4460093896713615, 0.4444444444444444, 0.4428794992175274, 0.458528951486698, 0.46635367762128327, 0.4491392801251956, 0.4538341158059468, 0.4538341158059468, 0.47417840375586856, 0.49139280125195617, 0.4522691705790297, 0.47104851330203446, 0.4679186228482003, 0.48043818466353677, 0.47104851330203446, 0.49765258215962443, 0.48826291079812206, 0.48513302034428796, 0.4835680751173709, 0.48982785602503914, 0.5039123630672926, 0.49608763693270735, 0.49765258215962443, 0.5023474178403756, 0.5117370892018779, 0.514866979655712, 0.5070422535211268, 0.5101721439749609, 0.5164319248826291, 0.5117370892018779, 0.5273865414710485, 0.5023474178403756, 0.5336463223787168, 0.5289514866979655, 0.5211267605633803, 0.5289514866979655, 0.5070422535211268, 0.5320813771517997, 0.5383411580594679, 0.5305164319248826, 0.5320813771517997, 0.5352112676056338], "val_losses": [2.3064571380615235, 2.3059059619903564, 2.3057172775268553, 2.304894304275513, 2.3030543327331543, 2.3026808738708495, 2.3000797748565676, 2.297942543029785, 2.293679666519165, 2.2895661354064942, 2.2852528572082518, 2.279764986038208, 2.2727527141571047, 2.264985513687134, 2.2563019752502442, 2.2482834815979005, 2.235002613067627, 2.222493124008179, 2.2131906509399415, 2.1982583522796633, 2.1858256816864015, 2.174208641052246, 2.160854530334473, 2.152570199966431, 2.136355257034302, 2.1208263874053954, 2.120687961578369, 2.10858416557312, 2.0951465606689452, 2.0905781269073485, 2.0778632164001465, 2.07049674987793, 2.055965542793274, 2.046714949607849, 2.0522040367126464, 2.0390956163406373, 2.037145495414734, 2.018682599067688, 2.0208106994628907, 2.012040948867798, 2.0120548009872437, 1.9935213565826415, 1.9857730865478516, 1.9872714042663575, 1.9759645223617555, 1.9771971225738525, 1.9699929714202882, 1.9581453800201416, 1.9607802629470825, 1.9469188451766968, 1.9371500730514526, 1.9386168479919434, 1.9300879955291748, 1.9242038488388062, 1.918292236328125, 1.9019566774368286, 1.901270818710327, 1.8976797103881835, 1.892001485824585, 1.8869484663009644, 1.8806870937347413, 1.8808582305908204, 1.866816759109497, 1.868161392211914, 1.8592107057571412, 1.856434202194214, 1.8493799209594726, 1.832254958152771, 1.840327787399292, 1.8325016975402832, 1.8265876531600953, 1.8165883541107177, 1.8232062816619874, 1.8124822139739991, 1.8019439697265625, 1.8013115644454956, 1.791237711906433, 1.7916155576705932, 1.7875897884368896, 1.790128517150879, 1.7857260227203369, 1.7726993560791016, 1.7739290714263916, 1.7679781913757324, 1.7566357851028442, 1.75606849193573, 1.7538597106933593, 1.744301176071167, 1.7502601385116576, 1.7451735019683838, 1.7311895847320558, 1.7334996938705445, 1.7342658758163452, 1.7273319482803344, 1.7294721126556396, 1.7235218286514282, 1.7172172784805297, 1.7061884641647338, 1.7055904388427734, 1.7158405542373658], "val_accs": [0.08125, 0.0875, 0.0875, 0.0875, 0.08125, 0.08125, 0.09375, 0.08125, 0.1, 0.13125, 0.13125, 0.13125, 0.1375, 0.1375, 0.14375, 0.14375, 0.14375, 0.15, 0.1625, 0.16875, 0.16875, 0.1625, 0.1875, 0.16875, 0.18125, 0.2875, 0.1875, 0.225, 0.3, 0.25, 0.25625, 0.275, 0.3125, 0.325, 0.29375, 0.29375, 0.3375, 0.31875, 0.3375, 0.3625, 0.31875, 0.34375, 0.3375, 0.3375, 0.3375, 0.325, 0.325, 0.3375, 0.33125, 0.35, 0.35, 0.34375, 0.3375, 0.325, 0.3375, 0.34375, 0.34375, 0.34375, 0.3625, 0.33125, 0.35625, 0.375, 0.3625, 0.3375, 0.36875, 0.3625, 0.39375, 0.40625, 0.39375, 0.36875, 0.38125, 0.3875, 0.3875, 0.4, 0.3875, 0.4, 0.40625, 0.40625, 0.4125, 0.4, 0.4125, 0.4125, 0.41875, 0.425, 0.4, 0.40625, 0.4, 0.40625, 0.425, 0.4125, 0.43125, 0.43125, 0.45625, 0.41875, 0.425, 0.425, 0.45, 0.44375, 0.4375, 0.4125], "best_val_epoch": 93, "lr": 1e-05, "batch_size": 32}