{"model": "CNN", "train_losses": [2.2176432371139527, 1.902414432168007, 1.7382409602403641, 1.5196032971143723, 1.4302471190690995, 1.2813067972660064, 1.1700178861618042, 1.147305765748024, 1.0312289088964461, 0.9775991708040237, 0.9261651143431664, 0.8883440628647804, 0.8198223568499088, 0.8218756645917893, 0.7609968431293964, 0.7142143987119198, 0.6742626182734967, 0.5804951965808869, 0.7157151132822037, 0.4871908720582724, 0.46113198176026343, 0.44488257691264155, 0.41642615385353565, 0.3759376540780067, 0.36863284520804884, 0.31791820749640465, 0.32594777792692187, 0.24644107036292554, 0.29306868836283684, 0.22996929977089167, 0.20277424305677413, 0.19797479994595052, 0.1839258514344692, 0.18127068765461446, 0.1553349832072854, 0.14016902279108762, 0.12793886363506318, 0.10702270297333598, 0.08497504577971995, 0.07137190336361528], "train_accs": [0.23630672926447574, 0.3145539906103286, 0.4303599374021909, 0.5305164319248826, 0.5571205007824727, 0.6181533646322379, 0.6447574334898278, 0.6838810641627543, 0.6964006259780907, 0.7136150234741784, 0.7480438184663537, 0.7699530516431925, 0.7683881064162754, 0.758998435054773, 0.8075117370892019, 0.7996870109546166, 0.8215962441314554, 0.8607198748043818, 0.7934272300469484, 0.8904538341158059, 0.9045383411580594, 0.9139280125195618, 0.9248826291079812, 0.9374021909233177, 0.918622848200313, 0.9499217527386542, 0.9280125195618153, 0.9796557120500783, 0.9546165884194053, 0.9546165884194053, 0.9796557120500783, 0.9796557120500783, 0.9843505477308294, 0.9812206572769953, 0.9906103286384976, 0.9827856025039123, 0.9890453834115805, 0.9937402190923318, 0.9906103286384976, 0.9953051643192489], "val_losses": [2.2522953748703003, 2.022691535949707, 1.9383997797966004, 1.7435653686523438, 1.655713725090027, 1.554504895210266, 1.4690763115882874, 1.4749964356422425, 1.3944295704364777, 1.3583469629287719, 1.3566758155822753, 1.3612267613410949, 1.2899281620979308, 1.2980562090873717, 1.2583800196647643, 1.2893169939517974, 1.2459630072116852, 1.214629477262497, 1.4164005517959595, 1.1920966982841492, 1.1860571682453156, 1.243482130765915, 1.2070990562438966, 1.174463587999344, 1.2084306836128236, 1.1818863511085511, 1.2826492667198182, 1.1421391367912292, 1.1947860538959503, 1.1540041357278823, 1.0922039031982422, 1.1723454356193543, 1.1422428697347642, 1.1110346019268036, 1.1750512838363647, 1.2209947645664214, 1.204382461309433, 1.1227352738380432, 1.1435916692018508, 1.1072929739952087], "val_accs": [0.15, 0.2125, 0.35, 0.39375, 0.41875, 0.4875, 0.50625, 0.53125, 0.50625, 0.55, 0.55, 0.525, 0.5125, 0.5375, 0.55625, 0.5625, 0.54375, 0.58125, 0.5125, 0.58125, 0.61875, 0.54375, 0.5875, 0.59375, 0.59375, 0.6125, 0.56875, 0.64375, 0.6125, 0.63125, 0.6625, 0.59375, 0.59375, 0.63125, 0.625, 0.625, 0.61875, 0.6625, 0.65625, 0.65], "best_val_epoch": 31, "lr": 0.0001, "batch_size": 16}