{"model": "CNN", "train_losses": [2.2996347308158875, 2.28984158039093, 2.2640485048294066, 2.2022290587425233, 2.1118574380874633, 2.042554944753647, 1.9947930693626403, 1.9427276313304902, 1.9260234236717224, 1.8984804570674896, 1.8455682873725892, 1.7967890858650208, 1.7571578681468965, 1.7041290819644928, 1.637869119644165, 1.6476470410823822, 1.5600254774093627, 1.521727293729782, 1.5279796898365021, 1.5295382738113403, 1.4606142699718476, 1.425199419260025, 1.3673458635807036, 1.414219957590103, 1.36805499792099, 1.3219401597976685, 1.2883021235466003, 1.2439813703298568, 1.2546389758586884, 1.2302788555622102, 1.211969393491745, 1.1939683884382248, 1.1531623721122741, 1.1309450685977935, 1.1439786463975907, 1.0911458313465119, 1.1234107822179795, 1.107229733467102, 1.0550018876791, 1.0273289412260056, 1.0181699067354202, 0.9941758960485458, 0.9780298829078674, 0.9757009238004685, 0.9786042422056198, 0.9445155650377274, 0.9345415353775024, 0.9060606330633163, 0.8934711158275604, 0.8574216693639756, 0.9007592856884002, 0.8593206107616425, 0.8462698310613632, 0.8190871924161911, 0.8420404553413391, 0.7828048869967461, 0.77419673204422, 0.7849731147289276, 0.7911570280790329, 0.7449558675289154, 0.7695559233427047, 0.7622747451066971, 0.7131538316607475, 0.6998831123113632, 0.7264843642711639, 0.6923968628048897, 0.6851518154144287, 0.6366787195205689, 0.640391443669796, 0.6581116288900375, 0.6024738684296608, 0.5890667513012886, 0.5882470533251762, 0.5784540817141532, 0.537058687210083, 0.5596867233514786, 0.5457097917795182, 0.5133602112531662, 0.5195230290293693, 0.5026651427149773, 0.49561184644699097, 0.5352761738002301, 0.46814218908548355, 0.5139082700014115, 0.4436803162097931, 0.4562947779893875, 0.4094491243362427, 0.4208966702222824, 0.3990193851292133, 0.40880242437124253, 0.3961066141724586, 0.41642946749925613, 0.4130857437849045, 0.366536520421505, 0.3407440260052681, 0.36092567816376686, 0.33357291743159295, 0.3261797226965427, 0.29870659932494165, 0.3461196683347225], "train_accs": [0.10954616588419405, 0.14710485133020346, 0.17683881064162754, 0.3208137715179969, 0.26917057902973396, 0.323943661971831, 0.3646322378716745, 0.350547730829421, 0.39436619718309857, 0.38341158059467917, 0.39280125195618154, 0.39593114241001565, 0.38341158059467917, 0.4303599374021909, 0.4381846635367762, 0.48513302034428796, 0.4647887323943662, 0.5195618153364632, 0.48826291079812206, 0.5164319248826291, 0.5117370892018779, 0.564945226917058, 0.5555555555555556, 0.5461658841940532, 0.564945226917058, 0.5805946791862285, 0.5727699530516432, 0.594679186228482, 0.594679186228482, 0.6165884194053208, 0.596244131455399, 0.6165884194053208, 0.6275430359937402, 0.6353677621283255, 0.6431924882629108, 0.6823161189358372, 0.6322378716744914, 0.6494522691705791, 0.6682316118935837, 0.6682316118935837, 0.6823161189358372, 0.6823161189358372, 0.6932707355242567, 0.6979655712050078, 0.6979655712050078, 0.7057902973395931, 0.7245696400625978, 0.7183098591549296, 0.7198748043818466, 0.7230046948356808, 0.7230046948356808, 0.7386541471048513, 0.7323943661971831, 0.7370892018779343, 0.7433489827856025, 0.7464788732394366, 0.7605633802816901, 0.758998435054773, 0.7511737089201878, 0.7652582159624414, 0.7543035993740219, 0.7527386541471048, 0.7699530516431925, 0.7793427230046949, 0.7793427230046949, 0.7887323943661971, 0.809076682316119, 0.7949921752738655, 0.7918622848200313, 0.810641627543036, 0.810641627543036, 0.8215962441314554, 0.8294209702660407, 0.8247261345852895, 0.8466353677621283, 0.8435054773082942, 0.837245696400626, 0.8607198748043818, 0.8325508607198748, 0.8701095461658842, 0.8482003129890454, 0.8497652582159625, 0.8716744913928013, 0.8513302034428795, 0.8826291079812206, 0.8826291079812206, 0.8826291079812206, 0.8732394366197183, 0.8982785602503912, 0.9092331768388107, 0.8794992175273866, 0.8763693270735524, 0.8904538341158059, 0.9123630672926447, 0.9045383411580594, 0.8982785602503912, 0.9061032863849765, 0.9233176838810642, 0.9280125195618153, 0.9045383411580594], "val_losses": [2.29854040145874, 2.2957322120666506, 2.2785821914672852, 2.2421050548553465, 2.1705334186553955, 2.140383982658386, 2.097551679611206, 2.066170406341553, 2.0519399642944336, 2.0515911102294924, 2.0185407638549804, 1.9812507152557373, 1.984843897819519, 1.9042418241500854, 1.8447760581970214, 1.8815968990325929, 1.7992164850234986, 1.7703525304794312, 1.7784258604049683, 1.771539330482483, 1.715521264076233, 1.6999864816665649, 1.6708340167999267, 1.6957144141197205, 1.6554516315460206, 1.6265922784805298, 1.611057710647583, 1.6136398315429688, 1.5954841375350952, 1.5794211268424987, 1.5714616060256958, 1.5566359281539917, 1.5141058444976807, 1.551988124847412, 1.5598849296569823, 1.5103914141654968, 1.5699258327484131, 1.5262125730514526, 1.499836015701294, 1.5142317414283752, 1.4736940026283265, 1.5123710870742797, 1.4794287919998168, 1.4908605337142944, 1.48790682554245, 1.4620954275131226, 1.4766419887542725, 1.4653533220291137, 1.4480130314826964, 1.4595521092414856, 1.4658658504486084, 1.475826871395111, 1.4498388528823853, 1.4835294604301452, 1.430277156829834, 1.4463104486465455, 1.4463371515274048, 1.4240058660507202, 1.459787905216217, 1.4450587630271912, 1.4835198760032653, 1.5144161939620973, 1.413576114177704, 1.4109160900115967, 1.4125078082084657, 1.4508724212646484, 1.4128358721733094, 1.4693537950515747, 1.48688747882843, 1.446326696872711, 1.435009777545929, 1.4377739071846007, 1.434623944759369, 1.5229772925376892, 1.4712915897369385, 1.4778609991073608, 1.4761046171188354, 1.4454699993133544, 1.4758151769638062, 1.4341676950454711, 1.4530036926269532, 1.530635166168213, 1.4939539909362793, 1.4784898519515992, 1.4984134554862976, 1.4862101793289184, 1.539224088191986, 1.4964550495147706, 1.5268367290496827, 1.464060890674591, 1.636102831363678, 1.5737775206565856, 1.529722762107849, 1.5308243036270142, 1.5598328590393067, 1.5416770696640014, 1.538133192062378, 1.522029948234558, 1.591256058216095, 1.5591329097747804], "val_accs": [0.0875, 0.1375, 0.10625, 0.2625, 0.21875, 0.23125, 0.26875, 0.26875, 0.2875, 0.30625, 0.26875, 0.29375, 0.3125, 0.3625, 0.36875, 0.3625, 0.38125, 0.41875, 0.38125, 0.38125, 0.41875, 0.425, 0.4375, 0.44375, 0.43125, 0.44375, 0.45, 0.43125, 0.45625, 0.45, 0.45, 0.4625, 0.4625, 0.44375, 0.50625, 0.49375, 0.475, 0.4875, 0.51875, 0.46875, 0.5, 0.45, 0.49375, 0.51875, 0.50625, 0.5, 0.51875, 0.49375, 0.5125, 0.50625, 0.5, 0.5, 0.5125, 0.50625, 0.5625, 0.53125, 0.50625, 0.5625, 0.5625, 0.53125, 0.53125, 0.46875, 0.54375, 0.55625, 0.53125, 0.55, 0.55, 0.54375, 0.51875, 0.525, 0.5625, 0.54375, 0.56875, 0.51875, 0.54375, 0.5375, 0.51875, 0.55625, 0.5375, 0.55, 0.5625, 0.54375, 0.55625, 0.55625, 0.53125, 0.575, 0.55, 0.5375, 0.5625, 0.56875, 0.5375, 0.54375, 0.575, 0.55625, 0.55, 0.525, 0.55, 0.56875, 0.54375, 0.5625], "best_val_epoch": 86, "lr": 0.0001, "batch_size": 32}