{"model": "CNN", "train_losses": [2.287448358535767, 2.2612874031066896, 2.2171826362609863, 2.1598870754241943, 2.088739824295044, 2.0270242929458617, 1.9801599264144898, 1.9449838161468507, 1.9069698333740235, 1.8578301668167114], "train_accs": [0.19405320813771518, 0.215962441314554, 0.2269170579029734, 0.30203442879499215, 0.2347417840375587, 0.3145539906103286, 0.27230046948356806, 0.3270735524256651, 0.3380281690140845, 0.39280125195618154], "val_losses": [2.2997493743896484, 2.254537582397461, 2.267272710800171, 2.1780319213867188, 2.1961307525634766, 2.1408045291900635, 2.056879699230194, 2.0935925245285034, 2.0559117794036865, 2.0062366127967834], "val_accs": [0.14375, 0.175, 0.1125, 0.2625, 0.1875, 0.2625, 0.23125, 0.2875, 0.2375, 0.31875], "best_val_epoch": 10, "lr": 0.0001, "batch_size": 128}