{"model": "CNN", "train_losses": [1.9903356850147247, 1.5886402815580367, 1.3440064758062362, 1.2218158587813377, 1.01069718003273, 1.0765358179807663, 0.814701221883297, 0.7838823921978474, 0.6156753592193127, 0.5417713478207589, 0.4791346713900566, 0.4340142160654068, 0.377892829105258, 0.31306630596518514, 0.3119392774999142, 0.23476002011448144, 0.24035658352077008, 0.19424417167901992, 0.1616622744128108, 0.16212722323834897, 0.11465813685208559, 0.1039981996640563, 0.10062942644581199, 0.09184459652751684, 0.08754506520926952], "train_accs": [0.27230046948356806, 0.5007824726134585, 0.6040688575899843, 0.594679186228482, 0.672926447574335, 0.6447574334898278, 0.7636932707355243, 0.7621283255086072, 0.8779342723004695, 0.8794992175273866, 0.9014084507042254, 0.9217527386541471, 0.9405320813771518, 0.9640062597809077, 0.9671361502347418, 0.9812206572769953, 0.9702660406885759, 0.9859154929577465, 0.9953051643192489, 0.9906103286384976, 0.9968701095461658, 0.9937402190923318, 0.9968701095461658, 0.9984350547730829, 0.9968701095461658], "val_losses": [2.089102876186371, 1.7826844096183776, 1.6778132438659668, 1.5455647468566895, 1.3867949545383453, 1.6010928094387054, 1.3405247986316682, 1.3074076414108275, 1.2567559361457825, 1.2240154922008515, 1.2087938368320466, 1.2066027104854584, 1.2270738005638122, 1.2059069633483888, 1.1820038080215454, 1.19433650970459, 1.1826633930206298, 1.2218626022338868, 1.2061775207519532, 1.2056142151355744, 1.1687654733657837, 1.1977466106414796, 1.232201874256134, 1.2233241856098176, 1.23734130859375], "val_accs": [0.16875, 0.39375, 0.4125, 0.5375, 0.5375, 0.46875, 0.525, 0.54375, 0.55, 0.575, 0.60625, 0.56875, 0.6125, 0.6125, 0.61875, 0.625, 0.61875, 0.6, 0.59375, 0.56875, 0.625, 0.625, 0.6125, 0.59375, 0.6125], "best_val_epoch": 16, "lr": 0.0001, "batch_size": 16}