{"model": "CNN", "train_losses": [2.1457495599985124, 1.8582373410463333, 1.8516500502824784, 1.6469170808792115, 1.6813397109508514, 1.466485044360161, 1.4324470549821853, 1.3078228920698165, 1.4546711146831512, 1.242244029045105, 1.338626503944397, 1.1394344985485076, 1.1461191460490228, 1.016781584918499, 0.9268663711845875, 0.9683220222592354, 0.943558146059513, 0.8895693033933639, 0.8312053591012954, 0.6974669143557548, 0.7276036605238915, 0.6269572511315346, 0.6461337871849537, 0.7312586434185505, 0.5629094779491425, 0.6708053953945636, 0.48227045238018035, 0.6397993072867394, 0.41696715280413627, 0.3832248285412788, 0.4861335664987564, 0.2527195859700441, 0.3263632867485285, 0.3525080680847168, 0.31880106367170813, 0.20208735819905996, 0.33434543646872045, 0.3636234188452363, 0.27361745461821557, 0.21223880648612975, 0.1417960463091731, 0.1874998345039785, 0.33648647665977477, 0.1385731383226812, 0.162126974388957, 0.0842569843865931, 0.16595701556652784, 0.11783822029829025, 0.17075170185416938, 0.2739021097309887, 0.09305798672139645, 0.07825061976909638, 0.14730283906683325, 0.0808686027303338, 0.2939515858888626, 0.05325650568120181, 0.04487767571117729, 0.04934287420473993, 0.06464843964204192, 0.04583596824668348, 0.0731458184774965, 0.10536513808183372, 0.06596983899362385, 0.044460806623101236, 0.13642680118791758, 0.04938093279488385, 0.24784485707059503, 0.03459986336529255, 0.026913655293174087, 0.027386929385829716, 0.05733392024412751, 0.04622333850711584, 0.03750360503327101, 0.023494124528951943, 0.034562580031342806, 0.022527051949873568, 0.034726309811230746, 0.0201061814208515, 0.04395400565117598, 0.024980577232781798, 0.014196915552020073, 0.02231125548714772, 0.029700785619206728, 0.03814601149060763, 0.033973275148309764, 0.025440746138338, 0.01964727563317865, 0.031809845077805224, 0.04857695621903986, 0.06253013084642589, 0.025967348448466508, 0.01241870847006794, 0.026712677790783346, 0.06453345818445086, 0.04436433417722583, 0.03273840302717872, 0.045467524288687854, 0.017582261859206482, 0.030088341515511274, 0.014131991926115006], "train_accs": [0.2190923317683881, 0.3646322378716745, 0.3568075117370892, 0.4162754303599374, 0.37871674491392804, 0.5007824726134585, 0.5054773082942097, 0.6150234741784038, 0.4350547730829421, 0.6244131455399061, 0.5539906103286385, 0.621283255086072, 0.6353677621283255, 0.6979655712050078, 0.730829420970266, 0.6791862284820032, 0.6932707355242567, 0.7402190923317684, 0.7918622848200313, 0.8325508607198748, 0.755868544600939, 0.8247261345852895, 0.8482003129890454, 0.7496087636932708, 0.863849765258216, 0.7449139280125195, 0.8591549295774648, 0.7996870109546166, 0.9107981220657277, 0.917057902973396, 0.8513302034428795, 0.9530516431924883, 0.9374021909233177, 0.8967136150234741, 0.9264475743348983, 0.9608763693270735, 0.8982785602503912, 0.8841940532081377, 0.9483568075117371, 0.9812206572769953, 0.9796557120500783, 0.97339593114241, 0.892018779342723, 0.9765258215962441, 0.9859154929577465, 0.9906103286384976, 0.9796557120500783, 0.9812206572769953, 0.9812206572769953, 0.92018779342723, 0.9843505477308294, 0.9859154929577465, 0.97339593114241, 0.9937402190923318, 0.8873239436619719, 0.9937402190923318, 0.9984350547730829, 0.9968701095461658, 0.9937402190923318, 0.9968701095461658, 0.9843505477308294, 0.9702660406885759, 0.9937402190923318, 0.9968701095461658, 0.94679186228482, 0.9984350547730829, 0.917057902973396, 0.9984350547730829, 0.9984350547730829, 0.9968701095461658, 0.9937402190923318, 0.9968701095461658, 0.9968701095461658, 0.9984350547730829, 0.9953051643192489, 0.9984350547730829, 0.9921752738654147, 0.9984350547730829, 0.9890453834115805, 0.9984350547730829, 0.9984350547730829, 0.9984350547730829, 0.9984350547730829, 0.9874804381846636, 0.9953051643192489, 0.9984350547730829, 0.9984350547730829, 0.9921752738654147, 0.9906103286384976, 0.9890453834115805, 0.9984350547730829, 0.9984350547730829, 0.9984350547730829, 0.9874804381846636, 0.9874804381846636, 0.9906103286384976, 0.9874804381846636, 0.9984350547730829, 0.9968701095461658, 0.9984350547730829], "val_losses": [2.263383114337921, 2.011719310283661, 2.004612123966217, 1.7610983371734619, 1.840115451812744, 1.6319036543369294, 1.6941221892833709, 1.5315668702125549, 1.6685286462306976, 1.436276626586914, 1.576522207260132, 1.4528634548187256, 1.4384030520915985, 1.4170803248882293, 1.3351319670677184, 1.343108779191971, 1.3517883956432342, 1.382377952337265, 1.2947609066963195, 1.2859210431575776, 1.4957465708255768, 1.3714159905910492, 1.3320760548114776, 1.6061574876308442, 1.3011960685253143, 1.581255441904068, 1.410083270072937, 1.3327620327472687, 1.3235792160034179, 1.358449685573578, 1.3992759883403778, 1.2777880907058716, 1.2401143491268158, 1.5566427648067473, 1.3323047041893006, 1.3486992597579956, 1.4567848950624467, 1.6287646800279618, 1.5333329677581786, 1.1947993516921998, 1.3961724817752839, 1.4430514931678773, 1.5583762288093568, 1.6901621162891387, 1.2215892910957336, 1.2929090857505798, 1.6089111775159837, 1.4431549191474915, 1.5124990701675416, 1.798972052335739, 1.6215844005346298, 1.4665148735046387, 1.7862710058689117, 1.302671229839325, 1.964033868908882, 1.5611837029457092, 1.6228227838873863, 1.6142506003379822, 1.7937292754650116, 1.4571111142635345, 1.7225237727165221, 2.2789101004600525, 1.4225143671035767, 1.8230717658996582, 2.335891565680504, 1.6054072499275207, 1.7850399017333984, 1.5688064694404602, 1.7830561220645904, 1.591537743806839, 1.6572848439216614, 1.5156366288661958, 1.7195979624986648, 1.8242662608623506, 2.0281398385763167, 1.4007364630699157, 1.9873854577541352, 1.3634445548057557, 2.18369794934988, 1.7514138579368592, 1.4977732002735138, 2.0759716629981995, 1.8962300300598145, 1.7856261014938355, 1.7962781071662903, 1.574248629808426, 2.4507571786642073, 2.3314287185668947, 1.7376622080802917, 1.8616814315319061, 1.914629837870598, 2.0293862342834474, 1.9428818821907043, 2.175210490822792, 2.866446539759636, 2.7690972715616224, 2.0956110417842866, 1.5651017606258393, 1.6126736164093018, 1.8554926097393036], "val_accs": [0.19375, 0.29375, 0.25625, 0.3875, 0.33125, 0.46875, 0.475, 0.54375, 0.36875, 0.575, 0.51875, 0.50625, 0.54375, 0.525, 0.575, 0.525, 0.53125, 0.51875, 0.58125, 0.56875, 0.5375, 0.55, 0.58125, 0.4875, 0.59375, 0.51875, 0.56875, 0.575, 0.575, 0.59375, 0.6, 0.61875, 0.58125, 0.575, 0.6125, 0.56875, 0.5625, 0.58125, 0.54375, 0.6125, 0.63125, 0.59375, 0.54375, 0.575, 0.64375, 0.63125, 0.5625, 0.64375, 0.59375, 0.55625, 0.55625, 0.625, 0.55, 0.60625, 0.56875, 0.63125, 0.58125, 0.59375, 0.5875, 0.60625, 0.5875, 0.5375, 0.6, 0.575, 0.51875, 0.59375, 0.5375, 0.6, 0.5625, 0.5875, 0.60625, 0.64375, 0.60625, 0.59375, 0.56875, 0.65, 0.58125, 0.6375, 0.56875, 0.625, 0.64375, 0.56875, 0.6125, 0.61875, 0.60625, 0.6, 0.59375, 0.55, 0.61875, 0.55625, 0.58125, 0.6125, 0.5875, 0.58125, 0.58125, 0.55, 0.59375, 0.63125, 0.6125, 0.65625], "best_val_epoch": 100, "lr": 0.0005, "batch_size": 16}