{"model": "CNN", "train_losses": [2.262667787075043, 2.1293741106987, 2.020358330011368, 1.9197999715805054, 1.863612073659897, 1.7346460402011872, 1.5960452795028686, 1.6017841041088103, 1.4439184248447419, 1.405763363838196], "train_accs": [0.21439749608763695, 0.3114241001564945, 0.2535211267605634, 0.3411580594679186, 0.325508607198748, 0.39906103286384975, 0.4788732394366197, 0.37715179968701096, 0.47104851330203446, 0.5226917057902973], "val_losses": [2.272234869003296, 2.1879809856414796, 2.102736067771912, 2.03390953540802, 2.071483874320984, 1.8939698934555054, 1.7889967679977417, 1.9089191675186157, 1.789334273338318, 1.6956478595733642], "val_accs": [0.1875, 0.23125, 0.175, 0.29375, 0.275, 0.3125, 0.3625, 0.3125, 0.36875, 0.38125], "best_val_epoch": 10, "lr": 0.0001, "batch_size": 32}