{"model": "CNN", "train_losses": [2.223475384712219, 2.025741696357727, 1.9919137597084045, 1.894117885828018, 1.7162670373916626, 1.4004801303148269, 1.208236077427864, 0.8334209084510803, 0.6428784862160682, 0.4846071168780327], "train_accs": [0.18153364632237873, 0.22535211267605634, 0.29577464788732394, 0.30985915492957744, 0.405320813771518, 0.49608763693270735, 0.5712050078247262, 0.7449139280125195, 0.7652582159624414, 0.8544600938967136], "val_losses": [2.2653176307678224, 2.1379558563232424, 2.1353065729141236, 2.04167902469635, 1.9354307174682617, 1.7569681882858277, 1.641474723815918, 1.6045236349105836, 1.5942131519317626, 1.9293977260589599], "val_accs": [0.14375, 0.2125, 0.24375, 0.29375, 0.325, 0.46875, 0.4125, 0.4875, 0.475, 0.45], "best_val_epoch": 8, "lr": 0.001, "batch_size": 32}