{"model": "CNN", "train_losses": [2.12104010283947, 1.6821603178977966, 1.4786190569400788, 1.3273019209504127, 1.181503388285637, 1.0890344634652138, 1.0224731653928756, 0.9009848713874817, 0.8008496105670929, 0.7648240908980369, 0.6567622199654579, 0.6116858549416065, 0.522255239635706, 0.4848956685513258, 0.37719757445156576, 0.3780628424137831, 0.32832370437681674, 0.24546255320310592, 0.2562058068811893, 0.20690620150417088, 0.18780889995396138, 0.14722311403602362, 0.17544344048947097, 0.1088802270591259, 0.10394849982112646, 0.08084673583507537, 0.07825678521767258, 0.05890055187046528, 0.07704818742349744, 0.06125009227544069, 0.046391819650307295, 0.05182527806609869, 0.03835857212543488, 0.03064912911504507, 0.030873615620657803, 0.037190985633060336, 0.02458659925032407, 0.02365624587982893, 0.021810123673640193, 0.022840619017370046, 0.016134416963905097, 0.018587600742466747, 0.01657460459973663, 0.019171792583074422, 0.01562410939950496, 0.013508017628919334, 0.009927611064631492, 0.009955717041157186, 0.012955732946284115, 0.014185976225417108, 0.009666198154445738, 0.009503539057914168, 0.00820942004211247, 0.012872121785767377, 0.009705050254706294, 0.007803456706460566, 0.0059197608090471475, 0.006756928114918992, 0.006942494394024834, 0.00591694064787589, 0.005530818633269518, 0.006437281402759254, 0.005727144464617595, 0.004993364846450276, 0.005991399026243016, 0.004389212589012459, 0.004711943780421279, 0.00455978219397366, 0.004584500324563123, 0.0038947373745031656], "train_accs": [0.27386541471048514, 0.39280125195618154, 0.5289514866979655, 0.651017214397496, 0.6400625978090767, 0.6979655712050078, 0.6948356807511737, 0.7996870109546166, 0.8153364632237872, 0.8028169014084507, 0.8873239436619719, 0.8748043818466353, 0.92018779342723, 0.9436619718309859, 0.9640062597809077, 0.9608763693270735, 0.9702660406885759, 0.9796557120500783, 0.9859154929577465, 0.9890453834115805, 0.9812206572769953, 0.9984350547730829, 0.9921752738654147, 0.9984350547730829, 0.9984350547730829, 0.9984350547730829, 0.9984350547730829, 0.9984350547730829, 0.9984350547730829, 0.9984350547730829, 0.9984350547730829, 0.9984350547730829, 0.9984350547730829, 0.9984350547730829, 0.9984350547730829, 0.9984350547730829, 0.9984350547730829, 0.9984350547730829, 0.9984350547730829, 0.9984350547730829, 0.9984350547730829, 0.9984350547730829, 0.9984350547730829, 0.9984350547730829, 0.9984350547730829, 0.9984350547730829, 0.9984350547730829, 0.9984350547730829, 0.9984350547730829, 0.9984350547730829, 0.9984350547730829, 0.9984350547730829, 0.9984350547730829, 0.9984350547730829, 0.9984350547730829, 0.9984350547730829, 0.9984350547730829, 0.9984350547730829, 0.9984350547730829, 0.9984350547730829, 0.9984350547730829, 0.9984350547730829, 0.9984350547730829, 0.9984350547730829, 0.9984350547730829, 0.9984350547730829, 0.9984350547730829, 0.9984350547730829, 0.9984350547730829, 0.9984350547730829], "val_losses": [2.21528422832489, 1.9170085549354554, 1.7720037817955017, 1.6734393954277038, 1.5555931091308595, 1.5209890365600587, 1.5009899973869323, 1.4465200185775757, 1.356753671169281, 1.3847319662570954, 1.304203748703003, 1.3879001259803772, 1.3521436154842377, 1.2756507873535157, 1.2233058333396911, 1.3032799541950226, 1.2652327239513397, 1.1532972872257232, 1.2236654043197632, 1.1604525089263915, 1.1591365039348602, 1.1400765359401703, 1.249644500017166, 1.0897086203098296, 1.1487805008888246, 1.1369829297065734, 1.1223918437957763, 1.0960919559001923, 1.1190704882144928, 1.190615937113762, 1.1005049467086792, 1.172339028120041, 1.0945931255817414, 1.1259156703948974, 1.1776627480983735, 1.1389987885951995, 1.0865489721298218, 1.1364616453647614, 1.1211447298526764, 1.1277040779590606, 1.111494094133377, 1.122446173429489, 1.21775079369545, 1.1387430429458618, 1.0647674322128295, 1.0596665680408477, 1.1049638390541077, 1.1139672994613647, 1.1686319887638092, 1.294901329278946, 1.1060235381126404, 1.2068610042333603, 1.225775918364525, 1.4139119803905487, 1.144143283367157, 1.1825210392475127, 1.1859771311283112, 1.169132912158966, 1.2903095543384553, 1.1632647395133973, 1.1606719672679902, 1.1390349924564362, 1.2389213144779205, 1.1810542404651643, 1.2914029657840729, 1.1772805392742156, 1.196950215101242, 1.1297085344791413, 1.1862098336219788, 1.214697676897049], "val_accs": [0.18125, 0.29375, 0.33125, 0.45625, 0.45, 0.51875, 0.48125, 0.50625, 0.55625, 0.5625, 0.59375, 0.54375, 0.5625, 0.56875, 0.59375, 0.575, 0.55625, 0.6125, 0.575, 0.59375, 0.6, 0.60625, 0.6125, 0.6375, 0.6375, 0.64375, 0.61875, 0.63125, 0.625, 0.6, 0.64375, 0.6125, 0.6375, 0.65, 0.61875, 0.60625, 0.65, 0.6625, 0.64375, 0.63125, 0.65625, 0.625, 0.61875, 0.625, 0.63125, 0.675, 0.65625, 0.625, 0.675, 0.6, 0.625, 0.60625, 0.6125, 0.59375, 0.6375, 0.6625, 0.64375, 0.65625, 0.5875, 0.64375, 0.6375, 0.625, 0.60625, 0.65, 0.625, 0.6625, 0.625, 0.675, 0.64375, 0.63125], "best_val_epoch": 46, "lr": 0.0001, "batch_size": 16}