{"model": "CNN", "train_losses": [2.1203488379716875, 1.5484167993068696, 1.2780799582600593, 1.1243679717183113, 0.9719777032732964, 0.7950379580259324, 0.7149261891841888, 0.610138525813818, 0.5814640246331692, 0.4656546525657177, 0.4252822570502758, 0.3241913415491581, 0.3268850654363632, 0.25664511062204837, 0.22391195893287658, 0.21872255355119705, 0.16041880566626787, 0.1332946227863431, 0.11707062190398573, 0.11737585486844182, 0.08756676334887743, 0.07647912818938493, 0.06313755558803677, 0.05188427250832319, 0.04863593587651849], "train_accs": [0.19405320813771518, 0.5164319248826291, 0.5993740219092332, 0.6291079812206573, 0.6885758998435054, 0.7871674491392802, 0.8184663536776213, 0.8591549295774648, 0.8528951486697965, 0.9061032863849765, 0.9217527386541471, 0.9608763693270735, 0.9530516431924883, 0.9796557120500783, 0.9843505477308294, 0.9765258215962441, 0.9906103286384976, 0.9968701095461658, 0.9937402190923318, 0.9953051643192489, 0.9968701095461658, 0.9968701095461658, 0.9968701095461658, 0.9968701095461658, 0.9984350547730829], "val_losses": [2.2240729093551637, 1.8293139457702636, 1.5893162369728089, 1.5254090487957002, 1.4721895217895509, 1.35093612074852, 1.3023742496967317, 1.3198899626731873, 1.3263598084449768, 1.257755607366562, 1.3291770219802856, 1.27365984916687, 1.2245779842138291, 1.2807629346847533, 1.190936404466629, 1.2950008511543274, 1.1668750107288361, 1.2334064304828645, 1.2635927200317383, 1.3114720821380614, 1.2746079564094543, 1.259250819683075, 1.2358307600021363, 1.267545711994171, 1.262977921962738], "val_accs": [0.16875, 0.38125, 0.5, 0.475, 0.50625, 0.55625, 0.5625, 0.58125, 0.58125, 0.55, 0.575, 0.55625, 0.5875, 0.575, 0.64375, 0.5875, 0.64375, 0.65, 0.60625, 0.58125, 0.60625, 0.60625, 0.6125, 0.6125, 0.63125], "best_val_epoch": 18, "lr": 0.0001, "batch_size": 16}