{"model": "CNN", "train_losses": [2.296886122226715, 2.275931453704834, 2.2117192149162292, 2.088944453001022, 2.0323547780513764, 1.9658741235733033, 1.9221617043018342, 1.897538459300995, 1.8980606138706206, 1.8162883400917054, 1.7746431529521942, 1.7608968794345856, 1.7335809826850892, 1.649780946969986, 1.6282718658447266, 1.5987243950366974, 1.5564240634441375, 1.5265579164028167, 1.498470675945282, 1.4396498441696166, 1.4242149949073792, 1.4025617778301238, 1.3437934875488282, 1.3395840346813201, 1.2853827834129334, 1.32154021859169, 1.253752589225769, 1.2152241885662078, 1.1536600708961486, 1.1707818537950516, 1.1259041666984557, 1.1203136444091797, 1.088450413942337, 1.0658219665288926, 1.0323009312152862, 0.9814105302095413, 0.9926871985197068, 0.934517103433609, 0.9252500325441361, 0.9180614233016968, 0.8677601337432861, 0.8553216606378555, 0.8308411449193954, 0.816310453414917, 0.8404953509569169, 0.7560507714748382, 0.7006119459867477, 0.7049902707338334, 0.6974754303693771, 0.6372162029147148, 0.6402038097381592, 0.6153456524014473, 0.569330669939518, 0.6350374296307564, 0.5392891138792038, 0.549725492298603, 0.6080147221684455, 0.5021453961730004, 0.4434951812028885, 0.4745633602142334, 0.4520897790789604, 0.41473192274570464, 0.3832243300974369, 0.35107714384794236, 0.3396222539246082, 0.3419817328453064, 0.31687423437833784, 0.34216298833489417, 0.29132639467716215, 0.27405916675925257, 0.23264465816318988, 0.2493081085383892, 0.2400250494480133, 0.239796943962574, 0.20174215957522393, 0.1852792952209711, 0.16128468364477158, 0.15559188649058342, 0.17970256321132183, 0.13949852846562863, 0.13294480592012406, 0.15365247763693332, 0.13564316108822821, 0.11299022473394871, 0.1023042781278491, 0.10972851254045964, 0.09892223589122295, 0.12069216184318066, 0.09048089291900396, 0.09531477615237235, 0.07707062028348446, 0.07328077917918563, 0.06315599009394646, 0.05436821151524782, 0.053153990488499406, 0.04734006421640515, 0.05548003129661083, 0.05121564818546176, 0.046463707182556394, 0.03399194735102355], "train_accs": [0.10641627543035993, 0.1298904538341158, 0.30359937402190923, 0.23161189358372458, 0.2676056338028169, 0.3114241001564945, 0.3145539906103286, 0.3489827856025039, 0.3317683881064163, 0.3755868544600939, 0.38028169014084506, 0.38184663536776214, 0.3865414710485133, 0.4162754303599374, 0.42566510172143973, 0.4616588419405321, 0.4522691705790297, 0.47730829420970267, 0.49295774647887325, 0.5289514866979655, 0.49139280125195617, 0.5242566510172144, 0.5602503912363067, 0.5226917057902973, 0.5446009389671361, 0.5586854460093896, 0.6071987480438185, 0.594679186228482, 0.6275430359937402, 0.6338028169014085, 0.6322378716744914, 0.6541471048513302, 0.6165884194053208, 0.6619718309859155, 0.6713615023474179, 0.6838810641627543, 0.6744913928012519, 0.7120500782472613, 0.7057902973395931, 0.7355242566510172, 0.7120500782472613, 0.7433489827856025, 0.7464788732394366, 0.7543035993740219, 0.7339593114241002, 0.7762128325508607, 0.8043818466353677, 0.7809076682316118, 0.7824726134585289, 0.8184663536776213, 0.7934272300469484, 0.8247261345852895, 0.838810641627543, 0.7996870109546166, 0.8419405320813772, 0.8356807511737089, 0.7996870109546166, 0.8544600938967136, 0.8779342723004695, 0.8857589984350548, 0.8748043818466353, 0.8763693270735524, 0.9045383411580594, 0.9029733959311425, 0.9123630672926447, 0.9076682316118936, 0.9295774647887324, 0.9123630672926447, 0.9280125195618153, 0.9420970266040689, 0.9546165884194053, 0.9374021909233177, 0.9420970266040689, 0.9514866979655712, 0.9561815336463224, 0.9671361502347418, 0.97339593114241, 0.97339593114241, 0.9640062597809077, 0.9780907668231612, 0.9827856025039123, 0.9671361502347418, 0.9859154929577465, 0.974960876369327, 0.9827856025039123, 0.9874804381846636, 0.9890453834115805, 0.9827856025039123, 0.9906103286384976, 0.9796557120500783, 0.9890453834115805, 0.9921752738654147, 0.9921752738654147, 0.9937402190923318, 0.9921752738654147, 0.9953051643192489, 0.9937402190923318, 0.9921752738654147, 0.9953051643192489, 0.9968701095461658], "val_losses": [2.3018750667572023, 2.292486572265625, 2.2560184001922607, 2.1842331886291504, 2.1482592582702638, 2.1014910697937013, 2.071925640106201, 2.03034451007843, 2.061507821083069, 1.994636869430542, 1.9883537292480469, 1.9818190813064576, 1.998651933670044, 1.9145238637924193, 1.9010746717453002, 1.8876142978668213, 1.8855016946792602, 1.8629759788513183, 1.8282142400741577, 1.8120431900024414, 1.8207837104797364, 1.82441885471344, 1.7467445135116577, 1.76588613986969, 1.7167368412017823, 1.71482093334198, 1.6942781209945679, 1.6818376064300538, 1.6653226375579835, 1.6579301595687865, 1.6363689184188843, 1.629937720298767, 1.6639591217041017, 1.605041790008545, 1.61631498336792, 1.6010819673538208, 1.6112953424453735, 1.5758203268051147, 1.5757481813430787, 1.5610168814659118, 1.5731213092803955, 1.639458215236664, 1.582475221157074, 1.6132786273956299, 1.6380118012428284, 1.5538639545440673, 1.5386963605880737, 1.5438187956809997, 1.5688848614692688, 1.552924346923828, 1.5509512901306153, 1.5561787843704225, 1.5975344896316528, 1.6118133544921875, 1.604676079750061, 1.5870330810546875, 1.718100655078888, 1.6228318214416504, 1.6670580148696899, 1.6482195138931275, 1.604905867576599, 1.592680859565735, 1.610564947128296, 1.6212266445159913, 1.6256439924240111, 1.6895790338516234, 1.7243879556655883, 1.7245227813720703, 1.656653356552124, 1.6337066173553467, 1.6504414081573486, 1.666182541847229, 1.720530104637146, 1.6996663451194762, 1.7288543701171875, 1.6821372509002686, 1.7539031863212586, 1.7793784499168397, 1.7331909894943238, 1.7517345428466797, 1.727691400051117, 1.8350937247276307, 1.7391156196594237, 1.814882183074951, 1.9032494306564331, 1.7492143869400025, 1.8592199087142944, 1.8721886038780213, 1.8256520867347716, 1.987671422958374, 1.978299355506897, 1.8793064832687378, 1.9279714584350587, 1.9748188257217407, 1.9947558403015138, 1.9438451290130616, 2.073945140838623, 2.143716502189636, 2.017533230781555, 2.019074058532715], "val_accs": [0.10625, 0.11875, 0.2625, 0.19375, 0.175, 0.28125, 0.25, 0.3, 0.28125, 0.29375, 0.3, 0.3, 0.3125, 0.3625, 0.29375, 0.3875, 0.375, 0.34375, 0.40625, 0.40625, 0.38125, 0.4125, 0.43125, 0.375, 0.3875, 0.4, 0.4125, 0.43125, 0.44375, 0.475, 0.4625, 0.45, 0.45, 0.4625, 0.475, 0.50625, 0.475, 0.50625, 0.51875, 0.525, 0.5, 0.475, 0.4875, 0.49375, 0.5, 0.51875, 0.5125, 0.54375, 0.55, 0.55625, 0.55, 0.51875, 0.5125, 0.50625, 0.54375, 0.5625, 0.49375, 0.5375, 0.5375, 0.525, 0.55, 0.54375, 0.5375, 0.5625, 0.54375, 0.5625, 0.5, 0.54375, 0.54375, 0.56875, 0.56875, 0.55, 0.5375, 0.55, 0.56875, 0.5875, 0.55625, 0.55625, 0.59375, 0.54375, 0.55, 0.525, 0.5625, 0.53125, 0.5125, 0.58125, 0.55625, 0.55625, 0.56875, 0.5125, 0.56875, 0.53125, 0.55, 0.54375, 0.54375, 0.55, 0.56875, 0.54375, 0.55625, 0.54375], "best_val_epoch": 79, "lr": 0.0001, "batch_size": 32}