{"model": "MLP", "train_losses": [2.30247505903244, 2.3014806628227236, 2.291432559490204, 2.1422973752021788, 2.1249091804027556, 2.108107089996338, 2.0944163143634795, 2.12475825548172, 2.1305614531040193, 2.051636439561844, 2.028112310171127, 2.0769305288791657, 2.0196080446243285, 2.0369884073734283, 1.9986521005630493, 2.019764703512192, 1.9832345247268677, 1.9498396635055542, 1.9912549197673797, 1.9517900586128234, 1.9270088732242585, 1.9539618015289306, 1.9435110092163086, 2.0518562138080596, 1.9397158324718475, 1.901698935031891, 2.050790798664093, 2.0140620887279512, 1.9807443916797638, 1.9000771462917327, 1.9402749240398407, 1.9413086473941803, 1.874685490131378, 1.8698828518390656, 1.8851429224014282, 1.8861230909824371, 1.8877692222595215, 1.870233917236328, 1.8686146557331085, 1.980504834651947, 1.9367095291614533, 1.9633981227874755, 1.925576287508011, 1.8661229491233826, 1.863990306854248, 1.8479621827602386, 1.850474202632904, 1.8550842821598053, 1.8591042816638947, 1.8894285440444947, 1.8504855275154113, 1.8569238245487214, 1.843552392721176, 1.9322529733181, 1.9667725026607514, 1.8963138937950135, 1.8430350601673127, 1.8980186939239503, 1.874274307489395, 1.8863584101200104, 1.8668428778648376, 1.8933246076107024, 1.8543570280075072, 1.8298469185829163, 1.8591002643108367, 1.8422392725944519, 1.8223021924495697, 1.8238592207431794, 1.8452418982982635, 1.8206840336322785, 1.883076810836792, 1.8789604306221008, 1.825620526075363, 1.8709955155849456, 1.8087063133716583, 1.8071407735347749, 1.7946757555007935, 1.7819760322570801, 1.732618272304535, 1.8026127755641936, 1.7375305771827698, 1.7913131237030029, 1.7526524305343627, 1.7387267470359802, 1.7659802317619324, 1.7230740368366242, 1.7155915737152099, 1.7163600623607635, 1.7088826537132262, 1.7122941672801972, 1.7845539093017577, 1.7119951725006104, 1.787544161081314, 1.7486269235610963, 1.7675550282001495, 1.6984089851379394, 1.6928637981414796, 1.7278641879558563, 1.758445566892624, 1.7014189124107362], "train_accs": [0.1, 0.103125, 0.1578125, 0.1640625, 0.1984375, 0.21875, 0.190625, 0.1890625, 0.1984375, 0.21875, 0.2359375, 0.21875, 0.2328125, 0.228125, 0.2578125, 0.2484375, 0.246875, 0.25625, 0.2390625, 0.2546875, 0.265625, 0.23125, 0.265625, 0.1921875, 0.265625, 0.26875, 0.2265625, 0.2265625, 0.2484375, 0.2734375, 0.2625, 0.2609375, 0.2828125, 0.2703125, 0.271875, 0.2765625, 0.2546875, 0.2671875, 0.275, 0.24375, 0.25, 0.246875, 0.2578125, 0.265625, 0.2765625, 0.2796875, 0.2734375, 0.2734375, 0.284375, 0.2578125, 0.271875, 0.2765625, 0.2734375, 0.25625, 0.25, 0.2546875, 0.2921875, 0.25625, 0.28125, 0.259375, 0.25625, 0.259375, 0.2625, 0.2796875, 0.259375, 0.2765625, 0.2734375, 0.278125, 0.275, 0.28125, 0.271875, 0.2625, 0.290625, 0.2921875, 0.31875, 0.3203125, 0.325, 0.3359375, 0.3609375, 0.315625, 0.3625, 0.3390625, 0.3296875, 0.3453125, 0.33125, 0.3609375, 0.36875, 0.359375, 0.3609375, 0.346875, 0.33125, 0.3453125, 0.321875, 0.3359375, 0.334375, 0.3609375, 0.36875, 0.3375, 0.3359375, 0.3484375], "val_losses": [2.303705263137817, 2.3035027503967287, 2.2954180240631104, 2.2156465530395506, 2.1871026039123533, 2.14660325050354, 2.1603144645690917, 2.1493178367614747, 2.209939956665039, 2.0867834806442263, 2.0919771671295164, 2.1060413837432863, 2.0729333400726317, 2.083067274093628, 2.050683617591858, 2.10874228477478, 2.076943802833557, 2.0381682872772218, 2.079967737197876, 2.025124502182007, 2.0227321863174437, 2.070800542831421, 2.0132261514663696, 2.1304636240005492, 2.037648606300354, 2.010206627845764, 2.142533564567566, 2.099791073799133, 2.0702011585235596, 2.009986329078674, 2.052842116355896, 2.0613133907318115, 1.9962888479232788, 2.0021490812301637, 2.008808970451355, 2.001397395133972, 2.015761876106262, 2.006338858604431, 1.99914493560791, 2.119562554359436, 2.0552239418029785, 2.054039454460144, 2.027780318260193, 2.00440628528595, 2.007973074913025, 1.9993297338485718, 2.0000717639923096, 1.994820809364319, 1.9961159706115723, 2.0261852979660033, 2.0026934862136843, 1.9911991357803345, 2.0024675369262694, 2.0587952613830565, 2.047854256629944, 2.023279643058777, 1.9927754402160645, 2.04437415599823, 2.0166209936141968, 2.0219536304473875, 2.020288515090942, 2.034435772895813, 2.0151023387908937, 1.9956845760345459, 2.028580594062805, 1.9973830938339234, 1.9756164312362672, 1.977447009086609, 1.9821860074996949, 1.9854010820388794, 2.0120792627334594, 2.035431742668152, 1.967633271217346, 2.0181461572647095, 1.9766060829162597, 1.9932540893554687, 1.9803309679031371, 1.9162270545959472, 1.9292510509490968, 1.9962708711624146, 1.9218859910964965, 1.9688281536102294, 1.9199501752853394, 1.9155389785766601, 1.8944718360900878, 1.9189691305160523, 1.9077041149139404, 1.940548062324524, 1.8777101278305053, 1.913944172859192, 1.9836226463317872, 1.9197926282882691, 2.008791756629944, 1.938282585144043, 1.9492388010025024, 1.9080729246139527, 1.8896851301193238, 1.9574712276458741, 1.9562155961990357, 1.913603925704956], "val_accs": [0.0625, 0.1, 0.13125, 0.15, 0.2125, 0.18125, 0.19375, 0.1875, 0.1625, 0.20625, 0.20625, 0.2125, 0.20625, 0.20625, 0.23125, 0.2, 0.225, 0.2375, 0.225, 0.30625, 0.2625, 0.21875, 0.24375, 0.19375, 0.24375, 0.275, 0.20625, 0.20625, 0.2125, 0.24375, 0.25625, 0.21875, 0.25625, 0.2875, 0.26875, 0.25625, 0.25, 0.24375, 0.24375, 0.2125, 0.25, 0.21875, 0.25625, 0.23125, 0.24375, 0.25, 0.29375, 0.25625, 0.2375, 0.275, 0.2375, 0.24375, 0.2375, 0.25625, 0.2375, 0.2125, 0.24375, 0.225, 0.25625, 0.23125, 0.23125, 0.2625, 0.2375, 0.25625, 0.225, 0.225, 0.26875, 0.2625, 0.25, 0.275, 0.275, 0.20625, 0.24375, 0.275, 0.2875, 0.3125, 0.30625, 0.30625, 0.31875, 0.25625, 0.3125, 0.30625, 0.26875, 0.28125, 0.30625, 0.325, 0.31875, 0.3, 0.3625, 0.28125, 0.25625, 0.28125, 0.28125, 0.3, 0.30625, 0.3125, 0.31875, 0.2875, 0.29375, 0.3], "best_val_epoch": 89, "lr": 0.001, "batch_size": 32}