{"model": "MLP", "train_losses": [2.3017705094814302, 2.3009473979473114, 2.3001275861263277, 2.2993266940116883, 2.298507492542267, 2.2975105452537536, 2.296551824808121, 2.2954881048202513, 2.294357088804245, 2.293134934902191, 2.2918232715129854, 2.2904637622833253, 2.28899498462677, 2.2874220252037047, 2.2857332265377046, 2.283830524682999, 2.281849397420883, 2.2796991205215456, 2.27746696472168, 2.2750685036182405, 2.272542345523834, 2.2699296462535856, 2.2672511446475982, 2.2643855369091033, 2.261484508514404, 2.2585042726993563, 2.2554008054733274, 2.252027270793915, 2.2486863040924074, 2.245276856422424, 2.241831419467926, 2.238367921113968, 2.234890694618225, 2.2313810873031614, 2.2277787852287294, 2.2240760636329653, 2.220481913089752, 2.2169388592243195, 2.213405827283859, 2.2099146568775176, 2.2064853155612947, 2.2029255974292754, 2.1997247207164765, 2.1964360809326173, 2.1932123601436615, 2.1899249160289767, 2.186938933134079, 2.1839016246795655, 2.180984655022621, 2.1781552731990814, 2.1753681778907774, 2.1726830595731736, 2.170241884589195, 2.1677017241716383, 2.1654306691884995, 2.16308929502964, 2.1606959813833235, 2.1585642570257186, 2.1564811527729035, 2.1545896345376967, 2.1525640219449995, 2.1505177545547487, 2.148814235329628, 2.14673263669014, 2.144964264035225, 2.1434359121322633, 2.141722233295441, 2.1401215100288393, 2.138462193608284, 2.1369141113758086, 2.1354796785116195, 2.133976197242737, 2.132600170373917, 2.1311280232667924, 2.129774982333183, 2.1286128973960876, 2.1273083102703096, 2.1259500759840013, 2.124851743578911, 2.1236362904310226, 2.1224765080213546, 2.121416908502579, 2.1199591761827468, 2.1190384137630462, 2.118061579465866, 2.1169465386867525, 2.115885157585144, 2.1148691564798354, 2.1138020402193067, 2.1131101405620574, 2.1120341283082964, 2.111134009361267, 2.110188392996788, 2.109194601774216, 2.108318822979927, 2.1072570872306824, 2.1063475954532622, 2.105505329966545, 2.1046175783872605, 2.1037969332933426], "train_accs": [0.12370972786987801, 0.15264310290897717, 0.1568658116984673, 0.12902721301219894, 0.14482327181732874, 0.17469502658742572, 0.1897091022833907, 0.1867375664685643, 0.19283703472005004, 0.20034407256803252, 0.19221144823271819, 0.1990928995933688, 0.1995620894588677, 0.1959649671567094, 0.20378479824835782, 0.19987488270253362, 0.19987488270253362, 0.2014388489208633, 0.2019080387863622, 0.20112605567719738, 0.2014388489208633, 0.19831091648420393, 0.1990928995933688, 0.19878010634970283, 0.19862370972786988, 0.2009696590553644, 0.19987488270253362, 0.2005004691898655, 0.20018767594619957, 0.19784172661870503, 0.19924929621520177, 0.19924929621520177, 0.19831091648420393, 0.19784172661870503, 0.1995620894588677, 0.2023772286518611, 0.20034407256803252, 0.20284641851736002, 0.20519236784485456, 0.20519236784485456, 0.2039411948701908, 0.20425398811385673, 0.2053487644666875, 0.20331560838285892, 0.20628714419768532, 0.20675633406318422, 0.20800750703784798, 0.2084766969033469, 0.2083203002815139, 0.20706912730685018, 0.2083203002815139, 0.20925868001251172, 0.21066624960900845, 0.2112918360963403, 0.2112918360963403, 0.21144823271817328, 0.21207381920550517, 0.21363778542383485, 0.2133249921801689, 0.2162965279949953, 0.21363778542383485, 0.21441976853299968, 0.21520175164216454, 0.21551454488583047, 0.2153581482639975, 0.21754770096965906, 0.21786049421332498, 0.21848608070065687, 0.2217704097591492, 0.21989365029715358, 0.22255239286831405, 0.22302158273381295, 0.22349077259931185, 0.22505473881764154, 0.22474194557397562, 0.22552392868314045, 0.22521113543947452, 0.22677510165780418, 0.22849546449796684, 0.2302158273381295, 0.23052862058179543, 0.2302158273381295, 0.23131060369096026, 0.23287456990928995, 0.232718173287457, 0.23240538004379105, 0.23443853612761964, 0.23334375977478886, 0.2352205192367845, 0.23600250234594933, 0.23741007194244604, 0.23537691585861745, 0.23694088207694713, 0.23694088207694713, 0.23803565842977792, 0.2386612449171098, 0.23803565842977792, 0.23803565842977792, 0.23881764153894275, 0.23944322802627463], "val_losses": [2.302889275550842, 2.3020456218719483, 2.3012787008285525, 2.300540337562561, 2.299706373214722, 2.2987689113616945, 2.2978293895721436, 2.2967367506027223, 2.2955748558044435, 2.2943746709823607, 2.293037967681885, 2.291690459251404, 2.2902568769454956, 2.28868851184845, 2.2870148324966433, 2.2850607204437257, 2.282960171699524, 2.2808264541625975, 2.2785756731033326, 2.276187539100647, 2.2736774778366087, 2.271079339981079, 2.2683466148376463, 2.2655381631851195, 2.262658452987671, 2.2596649742126464, 2.25652129650116, 2.25325279712677, 2.249934821128845, 2.2465970087051392, 2.2431856107711794, 2.2397698640823362, 2.2362993860244753, 2.232799620628357, 2.2291731595993043, 2.2254922008514404, 2.22202841758728, 2.2185215187072753, 2.215089864730835, 2.2115974617004395, 2.2083386898040773, 2.205039482116699, 2.201644229888916, 2.1985190868377686, 2.1952231121063233, 2.192175893783569, 2.189181489944458, 2.1863000535964967, 2.183427863121033, 2.1807136154174804, 2.1780196380615235, 2.1753835678100586, 2.172861490249634, 2.170375943183899, 2.168029451370239, 2.165788459777832, 2.163584895133972, 2.161365385055542, 2.1593745040893553, 2.157230658531189, 2.1553290557861327, 2.1533861207962035, 2.1515802907943726, 2.1497340631484985, 2.14791166305542, 2.146181373596191, 2.144485311508179, 2.142988667488098, 2.1413017606735227, 2.1397410154342653, 2.1381900787353514, 2.1366815781593322, 2.1351915407180786, 2.13375762462616, 2.132411539554596, 2.131007614135742, 2.129662058353424, 2.128363666534424, 2.12708619594574, 2.1258377194404603, 2.124539020061493, 2.1234704756736758, 2.1222652268409727, 2.1210925650596617, 2.120148868560791, 2.1189198875427246, 2.1178326487541197, 2.1168907117843627, 2.1156511235237123, 2.11486004114151, 2.113787682056427, 2.1127384543418883, 2.111690204143524, 2.1106980538368223, 2.109584641456604, 2.1087937235832213, 2.107791295051575, 2.1069339394569395, 2.1059523463249206, 2.1051185059547426],