{"model": "MLP", "train_losses": [2.0093485432863236, 1.9731074291467667, 1.9347236496210098, 1.9101525747776031, 1.879776281118393, 1.8570249557495118, 1.8503860700130463, 1.8575479298830033, 1.8880521923303604, 1.8006556487083436, 1.8183519095182419], "train_accs": [0.2331873631529559, 0.2627463246793869, 0.2765092274006881, 0.28980294025649045, 0.3030966531122928, 0.3152955896152643, 0.3104472943384423, 0.3184235220519237, 0.30168908351579604, 0.33390678761338755, 0.3262433531435721], "val_losses": [1.976865940093994, 1.9219748401641845, 1.8877818584442139, 1.8711724305152893, 1.8402174711227417, 1.8180523681640626, 1.8091027092933656, 1.8208434581756592, 1.8506087803840636, 1.7632879734039306, 1.7794918012619019], "val_accs": [0.2453066332916145, 0.29411764705882354, 0.3072590738423029, 0.31852315394242803, 0.32665832290362956, 0.34105131414267836, 0.34668335419274093, 0.3429286608260325, 0.3379224030037547, 0.3648310387984981, 0.3648310387984981], "best_val_epoch": 10, "lr": 0.001, "batch_size": 32}