{"model": "MLP", "train_losses": [1.981760232746601, 1.9374784570932388, 1.8691034778952598, 1.8368238750100137, 1.819254903793335, 1.806015214920044, 1.7681680423021318, 1.7580120149254799, 1.8110497516393662, 1.7311519330739975, 1.796521390080452], "train_accs": [0.23553331248045042, 0.2783859868626838, 0.30356584297779166, 0.3237410071942446, 0.3149827963715984, 0.33249921801689086, 0.3461057241163591, 0.34172661870503596, 0.33296840788238974, 0.34876446668751954, 0.32780731936190177], "val_losses": [1.9262718677520752, 1.9069031465053559, 1.8351136898994447, 1.80888573884964, 1.7759644627571105, 1.7720560038089752, 1.7381825280189513, 1.7250117206573485, 1.779549823999405, 1.7068825030326844, 1.7749429368972778], "val_accs": [0.2609511889862328, 0.30287859824780977, 0.3429286608260325, 0.3385481852315394, 0.35607008760951186, 0.3548185231539424, 0.35857321652065083, 0.3660826032540676, 0.35857321652065083, 0.37484355444305384, 0.3460575719649562], "best_val_epoch": 10, "lr": 0.001, "batch_size": 16}