{"model": "MLP", "train_losses": [2.1484682679176332, 2.0178782758116722, 1.981316568851471, 1.9677851259708405, 1.9418965685367584, 1.9360791924595833, 1.9189735120534896, 1.911915196478367, 1.903674558699131, 1.901996782720089, 1.8932589465379714], "train_accs": [0.20362840162652487, 0.2550828902095715, 0.26227713481388804, 0.2683766030653738, 0.2832342821395058, 0.2793243665936816, 0.2905849233656553, 0.2940256490459806, 0.2912105098529872, 0.2862058179543322, 0.2965279949953081], "val_losses": [2.119424502849579, 1.9785321938991547, 1.9377765095233916, 1.9179882717132568, 1.8916378343105316, 1.8883572828769684, 1.8677569580078126, 1.8657296252250672, 1.8576204788684845, 1.855950903892517, 1.846061922311783], "val_accs": [0.2165206508135169, 0.2909887359198999, 0.30100125156445556, 0.30037546933667086, 0.32665832290362956, 0.2997496871088861, 0.3197747183979975, 0.32040050062578224, 0.32040050062578224, 0.3260325406758448, 0.3404255319148936], "best_val_epoch": 11, "lr": 0.001, "batch_size": 16}