{"model": "MLP", "train_losses": [2.0012438228726386, 1.9832701808214188, 1.9842262440919876, 1.9368742194771766, 1.9403857725858689, 1.907820865213871, 1.8119111368060112, 1.811850166618824, 1.7966775327920914, 1.7953044161200524, 1.7440936306118966, 1.776046459674835, 1.7026776826381684, 1.758241485953331, 1.7273835349082947, 1.7511196500062942, 1.6938716459274292, 1.6699613416194916, 1.6887530216574669, 1.7004353260993958, 1.8406558385491372, 1.6500091874599456, 1.6734344828128815, 1.6443433159589766, 1.695089052915573, 1.67893485724926, 1.7619854088127613, 1.670398398935795, 1.6034456160664559, 1.6786624848842622, 1.7107039272785187, 1.603118635416031, 1.5718162050843238, 1.628576449751854, 1.7076973029971123, 1.6620974731445313, 1.5628449654579162, 1.5480479976534844, 1.52865302041173, 1.6600305378437041, 1.600925443917513, 1.5354490639269351, 1.597846071124077, 1.6770617327094077, 1.707864545583725, 1.5155098561942577, 1.5384121526777745, 1.5766913786530494, 1.4906831727921963, 1.5723998737335205, 1.5378084866702557, 1.4888225530087948, 1.5258884565532207, 1.537233564555645, 1.4831218560039998, 1.5175701846182346, 1.5025408904254436, 1.5080565682053566, 1.6114989699423312, 1.4820457430183887, 1.458287128508091, 1.5990016289055347, 1.4979724779725074, 1.452045802474022, 1.4586106871068478, 1.4448101112246514, 1.482568344026804, 1.4627773283421994, 1.5279924704134464, 1.4330463142693042, 1.4324939905107021, 1.5185133178532124, 1.421521598547697, 1.4217789280414581, 1.432589618563652, 1.4114462077617644, 1.5252377703785895, 1.4760563260316848, 1.4029189136624336, 1.4141413524746895, 1.5206823664903641, 1.5173918025195599, 1.4470040771365165, 1.5522666710615158, 1.4137981149554253, 1.5199946388602257, 1.4859732632339, 1.3500808265805244, 1.415495841652155, 1.409785981476307, 1.4620009683072568, 1.4709723097085954, 1.3741961972415446, 1.4986711685359477, 1.3611891661584377, 1.4218962205946446, 1.3449562537670134, 1.5060978795588016, 1.4662069311738015, 1.3435695946216584], "train_accs": [0.2391304347826087, 0.24100719424460432, 0.23725367532061306, 0.2755708476696903, 0.2725993118548639, 0.28698780106349703, 0.3274945261182359, 0.3312480450422271, 0.33578354707538316, 0.34282139505786674, 0.3567406944010009, 0.34235220519236786, 0.36612449171097905, 0.35142320925868004, 0.33969346262120736, 0.34657491398185797, 0.36409133562715046, 0.38348451673443856, 0.38395370659993744, 0.36143259305599, 0.32499218016890835, 0.38489208633093525, 0.3647169221144823, 0.4000625586487332, 0.36815764779480764, 0.3786362214576165, 0.3578354707538317, 0.39286831404441663, 0.4080387863622146, 0.366437284954645, 0.35736628088833283, 0.40053174851423207, 0.41570222083203, 0.3803565842977792, 0.3667500781983109, 0.39177353769158585, 0.42586800125117297, 0.4283703472005005, 0.43572098842664997, 0.376446668751955, 0.40147012824522993, 0.430559899906162, 0.4139818579918674, 0.3587738504848295, 0.390991554582421, 0.4283703472005005, 0.4274319674695027, 0.41914294651235534, 0.4530810134501095, 0.42289646543634657, 0.42790115733500156, 0.43837973099781047, 0.4333750390991555, 0.4311854863934939, 0.44948389114795123, 0.43102908977166093, 0.4460431654676259, 0.4372849546449797, 0.40663121676571784, 0.44463559587112916, 0.45933687832342823, 0.4149202377228652, 0.4530810134501095, 0.45855489521426335, 0.4599624648107601, 0.4594932749452612, 0.4501094776352831, 0.4560525492649359, 0.4352517985611511, 0.46402877697841727, 0.4705974350954019, 0.4449483891147951, 0.4698154519862371, 0.4713794182045668, 0.4609008445417579, 0.4705974350954019, 0.44573037222395995, 0.45527056615577105, 0.47513293712855803, 0.48091961213637785, 0.4421332499218017, 0.4202377228651861, 0.46324679386925244, 0.4149202377228652, 0.4634031904910854, 0.4451047857366281, 0.4549577729121051, 0.49562089458867686, 0.46700031279324367, 0.4812324053800438, 0.4598060681889271, 0.4429152330309665, 0.4860807006568658, 0.46058805129809194, 0.4968720675633406, 0.47012824522990304, 0.4979668439161714, 0.45057866750078196, 0.4637159837347513, 0.5004691898654989], "val_losses": [2.0094177973270417, 1.996693376302719, 1.995111118555069, 1.9582734930515289, 1.952451195716858, 1.9376917374134064, 1.8310939252376557, 1.834268342256546, 1.8215956819057464, 1.8295093774795532, 1.778994104862213, 1.8234030199050903, 1.751260472536087, 1.7910561394691467, 1.7556068766117097, 1.774743790626526, 1.7306495428085327, 1.7068465042114258, 1.737145174741745, 1.7466712009906769, 1.9223511934280395, 1.6875805842876435, 1.7038017094135285, 1.6837171614170074, 1.72451629281044, 1.705766999721527, 1.8272123277187347, 1.6980747497081756, 1.6431554973125457, 1.7544703435897828, 1.7606949317455292, 1.6493482351303101, 1.622730896472931, 1.656476273536682, 1.7263676297664643, 1.7246832287311553, 1.6145991694927215, 1.5951743912696839, 1.569371946454048, 1.7407587641477584, 1.662383736371994, 1.5764784920215607, 1.6506633681058884, 1.72744891166687, 1.7840451204776764, 1.5669234108924865, 1.592643105983734, 1.6206430143117905, 1.5490665423870087, 1.615367745757103, 1.574266667366028, 1.5477045422792435, 1.5736106652021409, 1.6140657633543014, 1.5451336652040482, 1.560914521217346, 1.5536722981929778, 1.5851022446155547, 1.7082296532392502, 1.5463458627462388, 1.5131457740068435, 1.6755649679899216, 1.567604067325592, 1.5350014162063599, 1.51034864962101, 1.5218118631839752, 1.5420419645309449, 1.5356783771514892, 1.606284939646721, 1.5188235014677047, 1.503499300479889, 1.59937266767025, 1.4931777894496918, 1.4987421697378158, 1.4975620871782303, 1.506077526807785, 1.5915320700407027, 1.5377630043029784, 1.4900934731960296, 1.5046906864643097, 1.6106024307012559, 1.6041403424739837, 1.513841637969017, 1.6319599962234497, 1.513772310614586, 1.6265533137321473, 1.5910663014650346, 1.442476162314415, 1.5090206146240235, 1.5157202887535095, 1.5557862949371337, 1.5414785808324813, 1.44860453248024, 1.6019824689626694, 1.4422337400913239, 1.505849328637123, 1.420827704668045, 1.5908391386270524, 1.5348719918727876, 1.4580427581071853],