{"model": "MLP", "train_losses": [1.9797392320632934, 1.9884851238131522, 1.896666050553322, 1.8795748788118363, 1.8542521992325782, 1.8408823511004448, 1.9501017662882805, 1.8079032883048058, 1.7789647939801216, 1.753243280649185, 1.7518404239416123], "train_accs": [0.2341257428839537, 0.24397873005943072, 0.28886456052549264, 0.30153268689396306, 0.30810134501094777, 0.3138880200187676, 0.2949640287769784, 0.3310916484203941, 0.33781670315921175, 0.3470441038473569, 0.3490772599311855], "val_losses": [1.9221745002269746, 1.9331320631504059, 1.847378170490265, 1.834171086549759, 1.8159227800369262, 1.7981049299240113, 1.9053473317623137, 1.7643580663204192, 1.741372526884079, 1.7144006049633027, 1.7222519648075103], "val_accs": [0.2634543178973717, 0.27284105131414266, 0.31539424280350437, 0.33917396745932415, 0.3341677096370463, 0.3523153942428035, 0.32227784730913644, 0.35168961201501875, 0.3710888610763454, 0.37797246558197745, 0.3829787234042553], "best_val_epoch": 11, "lr": 0.001, "batch_size": 16}