{"model": "MLP", "train_losses": [2.009989329278469, 1.9110542991757393, 1.8770822682976722, 1.8611381641030311, 1.8429472878575326], "train_accs": [0.237722865186112, 0.2816703159211761, 0.3107600875821082, 0.3090397247419456, 0.3284329058492337], "val_losses": [1.9702776741981507, 1.8725785541534423, 1.8340930771827697, 1.8216841423511505, 1.8120262694358826], "val_accs": [0.2546933667083855, 0.304755944931164, 0.3429286608260325, 0.3341677096370463, 0.35294117647058826], "best_val_epoch": 5, "lr": 0.001, "batch_size": 16}