{"model": "MLP", "train_losses": [2.170203953683376, 2.0619564086198805, 2.0109023216366766, 1.9835894364118576, 1.971934053003788, 1.979939952492714, 1.9726640085875988, 1.9705974246561526, 1.963604163080454, 1.9527702209353448, 1.9578045393526553], "train_accs": [0.18095089146074445, 0.22489834219580856, 0.24522990303409448, 0.2405380043791054, 0.24319674695026589, 0.25039099155458244, 0.24194557397560212, 0.24569909289959338, 0.2489834219580857, 0.26305911792305287, 0.2517985611510791], "val_losses": [2.144453231692314, 2.0229688048362733, 1.967692865729332, 1.9359149688482284, 1.9200174361467361, 1.9257306945323944, 1.9164262056350707, 1.9202906280755996, 1.9128835076093673, 1.8992963182926177, 1.9060912030935286], "val_accs": [0.2065081351689612, 0.24780976220275344, 0.2809762202753442, 0.27221526908635796, 0.2765957446808511, 0.2978723404255319, 0.27221526908635796, 0.2878598247809762, 0.27409261576971217, 0.29849812265331666, 0.29599499374217775], "best_val_epoch": 10, "lr": 0.0001, "batch_size": 8}