{"model": "MLP", "train_losses": [2.307342357635498, 2.3058037090301515, 2.3037365913391112, 2.299769473075867, 2.291522307395935, 2.2716324758529662, 2.236688132286072, 2.1966099309921265, 2.164047107696533, 2.1274639415740966, 2.084934024810791], "train_accs": [0.10431654676258993, 0.10431654676258993, 0.11135439474507351, 0.12120738192055051, 0.14670003127932438, 0.19440100093837973, 0.1851736002502346, 0.1867375664685643, 0.203002815139193, 0.2158273381294964, 0.2405380043791054], "val_losses": [2.3149794248434215, 2.3128167115725002, 2.310151613675631, 2.305268562757052, 2.295055499443641, 2.270213090456449, 2.226896341030414, 2.1771776859576883, 2.139111280441284, 2.0984507524050198, 2.0504924334012546], "val_accs": [0.08886107634543179, 0.08886107634543179, 0.09574468085106383, 0.10700876095118898, 0.13516896120150187, 0.1983729662077597, 0.18898623279098872, 0.1927409261576971, 0.21964956195244056, 0.23529411764705882, 0.2759699624530663], "best_val_epoch": 11, "lr": 0.0001, "batch_size": 128}