{"model": "MLP", "train_losses": [1.9830536594986916, 1.922889610826969, 1.8952885806560515, 1.8873833832144737, 1.8646679735183715], "train_accs": [0.25351892399124176, 0.2855802314670003, 0.29668439161714105, 0.2941820456678136, 0.30512980919612137], "val_losses": [1.930796173810959, 1.8827766048908234, 1.8487706696987152, 1.8507726001739502, 1.8257123446464538], "val_accs": [0.28035043804755944, 0.3160200250312891, 0.33667083854818525, 0.3166458072590738, 0.3285356695869837], "best_val_epoch": 3, "lr": 0.001, "batch_size": 16}