{"model": "MLP", "train_losses": [2.2991798996925352, 2.267250745296478, 2.160391657948494, 2.080831538438797, 2.0356330561637876, 2.0048533153533934, 1.9871785014867782, 1.9771228700876236, 1.9711062449216843, 1.964829910993576, 1.96122250020504, 1.9596264153718947, 1.9546725142002106, 1.9515074175596236, 1.948639281988144, 1.9482346785068512, 1.941075347661972, 1.9394430941343308, 1.932447491288185, 1.9310227793455124, 1.9263742637634278, 1.9235786592960358, 1.9211810141801835, 1.9175035470724107, 1.9137241703271866, 1.9107693475484848, 1.907426083087921, 1.9077998471260071, 1.9065800577402114, 1.9031003433465958, 1.9103153294324875, 1.8978353941440582, 1.89527423620224, 1.8934274870157242, 1.891947585940361, 1.8918626940250396, 1.8884671121835708, 1.8944403916597365, 1.8905303090810777, 1.8844301915168762, 1.886884983778, 1.8817680406570434, 1.8800732207298279, 1.8785352689027786, 1.8794680142402649, 1.878391268849373, 1.8757748931646347, 1.8730601161718368, 1.8724345868825913, 1.8712562710046767], "train_accs": [0.12652486706287144, 0.2167657178604942, 0.2133249921801689, 0.22458554895214264, 0.2356897091022834, 0.26258992805755393, 0.267438223334376, 0.26352830778855174, 0.26915858617453864, 0.27901157335001564, 0.27510165780419144, 0.2713481388802002, 0.2801063497028464, 0.282295902408508, 0.28949014701282455, 0.2890209571473256, 0.2863622145761652, 0.29480763215514544, 0.29042852674382236, 0.29074131998748826, 0.29746637472630594, 0.29433844228964656, 0.29684078823897403, 0.29730997810447296, 0.29230528620581797, 0.29684078823897403, 0.29480763215514544, 0.29871754770096964, 0.2951204253988114, 0.29386925242414763, 0.2893337503909916, 0.3029402564904598, 0.29871754770096964, 0.3001251172974664, 0.30043791054113234, 0.30137629027213014, 0.30528620581795435, 0.29965592743196745, 0.3009071004066312, 0.3048170159524554, 0.29965592743196745, 0.30763215514544884, 0.30919612136377855, 0.30731936190178294, 0.31013450109477636, 0.3090397247419456, 0.30559899906162025, 0.312011260556772, 0.30950891460744445, 0.31107288082577417], "val_losses": [2.2980146074295043, 2.2659352016448975, 2.160748906135559, 2.0864014291763304, 2.043641309738159, 2.0133929324150084, 1.996569311618805, 1.9880506682395935, 1.981419291496277, 1.971870069503784, 1.9688471126556397, 1.9633591055870057, 1.958452570438385, 1.9578051805496215, 1.950138771533966, 1.9456018567085267, 1.9468854904174804, 1.936041603088379, 1.933344886302948, 1.9278687644004822, 1.9220089435577392, 1.918832082748413, 1.914753382205963, 1.9110374855995178, 1.9138680958747865, 1.9085575866699218, 1.9032720494270325, 1.9000014114379882, 1.8973440432548523, 1.9015845251083374, 1.912576403617859, 1.8923844981193543, 1.887783010005951, 1.8858432054519654, 1.8847281646728515, 1.8884484148025513, 1.880252823829651, 1.8922837281227112, 1.8882478499412536, 1.8754246091842652, 1.883011393547058, 1.8747150444984435, 1.8725910806655883, 1.8697330141067505, 1.8667416429519654, 1.8657006955146789, 1.864636778831482, 1.8624112486839295, 1.8606183981895448, 1.8578767490386963], "val_accs": [0.13266583229036297, 0.21777221526908636, 0.1939924906132666, 0.20588235294117646, 0.23654568210262827, 0.25344180225281604, 0.2509386733416771, 0.24217772215269087, 0.24780976220275344, 0.2834793491864831, 0.27221526908635796, 0.27972465581977474, 0.28848560700876097, 0.2672090112640801, 0.30100125156445556, 0.29224030037546933, 0.28410513141426785, 0.2978723404255319, 0.2909887359198999, 0.304755944931164, 0.3016270337922403, 0.30037546933667086, 0.3041301627033792, 0.3041301627033792, 0.2903629536921151, 0.2903629536921151, 0.30100125156445556, 0.30663329161451813, 0.304755944931164, 0.28911138923654567, 0.2765957446808511, 0.30600750938673343, 0.3053817271589487, 0.3091364205256571, 0.3078848560700876, 0.29662077596996245, 0.311639549436796, 0.2909887359198999, 0.295369211514393, 0.3141426783479349, 0.29599499374217775, 0.3078848560700876, 0.31038798498122655, 0.31789737171464333, 0.32040050062578224, 0.32102628285356694, 0.3172715894868586, 0.3172715894868586, 0.32290362953692114, 0.3235294117647059], "best_val_epoch": 50, "lr": 0.0001, "batch_size": 32}