{"model": "MLP", "train_losses": [2.2015377008914947, 2.1273449552059174, 2.103948132991791, 2.073353047966957, 2.0605699783563614, 2.046052983403206, 2.0405079090595244, 2.017645147442818, 2.0144549602270128, 1.998349066376686, 1.9929410392045974, 1.9822849774360656, 1.9730358219146729, 1.9684671795368194, 1.9648215699195861, 1.9517962145805359, 1.9480136173963547, 1.941559146642685, 1.9332702028751374, 1.9492668610811235, 1.9223723536729813, 1.9235995519161224, 1.9145396900177003, 1.9114919078350068, 1.9082177317142486, 1.9116335821151733, 1.9053790992498398, 1.8991887176036835, 1.89739113509655, 1.892979885339737, 1.8913466906547547, 1.8821363759040832, 1.8796548795700074, 1.8793016356229781, 1.8808815652132034, 1.8752944266796112, 1.8738218945264817, 1.8719059455394744, 1.8740819263458253, 1.866189346909523, 1.8658265572786332, 1.863311167359352, 1.869280132651329, 1.8605755776166917, 1.8585653185844422, 1.8620305836200715, 1.8530075854063035, 1.8537330740690232, 1.8644154089689255, 1.8570909011363983, 1.8521336048841477, 1.8519068372249603, 1.8504804265499115, 1.841876761317253, 1.8428969126939774, 1.8412463867664337, 1.8512594324350358, 1.8382216477394104, 1.8430048769712448, 1.8370788240432738, 1.837934964299202, 1.8351767379045487, 1.8346394789218903, 1.8288612794876098, 1.8357758420705794, 1.8251097464561463, 1.8282380437850951, 1.834237016439438, 1.8390487813949585, 1.8187949740886689, 1.8166827440261841, 1.8171062713861466, 1.8175210106372832, 1.8130483800172805, 1.817591326236725, 1.808205603957176, 1.8170593416690826, 1.8038925051689148, 1.800385411977768, 1.8052395129203795, 1.8126809060573579, 1.8123810440301895, 1.7972044193744658, 1.8001388651132584, 1.7882216495275498, 1.7860266858339309, 1.7842163389921188, 1.7923571199178696, 1.7883208298683166, 1.7822673201560975, 1.7967423176765442, 1.784353209733963, 1.775378235578537, 1.8097550177574158, 1.781573809981346, 1.7798204350471496, 1.7702045905590058, 1.773991386294365, 1.7739192885160446, 1.8386391079425812], "train_accs": [0.17094150766343447, 0.2297466374726306, 0.22223959962464812, 0.2500781983109165, 0.2569596496715671, 0.25836721926806383, 0.25539568345323743, 0.26118235846105725, 0.26696903346887707, 0.2782295902408508, 0.27979355645918047, 0.2786987801063497, 0.28542383484516737, 0.2865186111979981, 0.2832342821395058, 0.29261807944948387, 0.29574601188614325, 0.28980294025649045, 0.2951204253988114, 0.29371285580231465, 0.29527682202064437, 0.29449483891147954, 0.29949953081013453, 0.3049734125742884, 0.30622458554895216, 0.30419142946512356, 0.3099781044729434, 0.2998123240538004, 0.30669377541445103, 0.30043791054113234, 0.31404441664060057, 0.3087269314982796, 0.3088833281201126, 0.3077885517672818, 0.3196746950265874, 0.3245229903034094, 0.3159211761025962, 0.32593055989990616, 0.31451360650609944, 0.32984047544573036, 0.3157647794807632, 0.32311542070691274, 0.3204566781357523, 0.31904910853925555, 0.3245229903034094, 0.321864247732249, 0.3242101970597435, 0.321551454488583, 0.32217704097591493, 0.321551454488583, 0.326556146387238, 0.31904910853925555, 0.3292148889583985, 0.3314044416640601, 0.33077885517672817, 0.3351579605880513, 0.3310916484203941, 0.3362527369408821, 0.32905849233656553, 0.3385986862683766, 0.3342195808570535, 0.3390678761338755, 0.33781670315921175, 0.3390678761338755, 0.33077885517672817, 0.34078823897403815, 0.3351579605880513, 0.3382858930247107, 0.33203002815139193, 0.3412574288395371, 0.34548013762902724, 0.33781670315921175, 0.34438536127619646, 0.3468877072255239, 0.33640913356271507, 0.34735689709102285, 0.3445417578980294, 0.3445417578980294, 0.34970284641851734, 0.34438536127619646, 0.3442289646543635, 0.3445417578980294, 0.3498592430403503, 0.34876446668751954, 0.35251798561151076, 0.35236158898967784, 0.35236158898967784, 0.3461057241163591, 0.35236158898967784, 0.35752267751016575, 0.35439474507350643, 0.35814826399749766, 0.3578354707538317, 0.34782608695652173, 0.35048482952768223, 0.35267438223334374, 0.3567406944010009, 0.3597122302158273, 0.3537691585861745, 0.3273381294964029], "val_losses": [2.223962721824646, 2.1609384489059447, 2.138570237159729, 2.1062125897407533, 2.0893567061424254, 2.0817333126068114, 2.0775584244728087, 2.0497861242294313, 2.05109986782074, 2.0336247086524963, 2.027108566761017, 2.020426826477051, 2.009980435371399, 2.0056536984443665, 2.003782856464386, 1.9898493719100951, 1.9839760184288024, 1.9774867296218872, 1.970376431941986, 1.985937249660492, 1.9612732720375061, 1.9576573419570922, 1.953093581199646, 1.9525072550773621, 1.9481589484214783, 1.9518502926826478, 1.9473052358627319, 1.9412593626976014, 1.9379095077514648, 1.9345306324958802, 1.9327496027946471, 1.9232835960388184, 1.923874020576477, 1.9228497695922853, 1.9186260390281678, 1.9205316019058227, 1.9170736789703369, 1.917057647705078, 1.92206298828125, 1.9103231596946717, 1.9172570657730104, 1.907972855567932, 1.9164444637298583, 1.908173975944519, 1.908882703781128, 1.9109490346908569, 1.899034752845764, 1.9041465377807618, 1.9153727626800536, 1.9044424772262574, 1.902838637828827, 1.9058858609199525, 1.9014664936065673, 1.8919790697097778, 1.8972315907478332, 1.8890525817871093, 1.8955572271347045, 1.8905814433097838, 1.8943283343315125, 1.8856019401550292, 1.8889961433410645, 1.8825579047203065, 1.8837917733192444, 1.8802450203895569, 1.8919767999649049, 1.8811904788017273, 1.8788026618957518, 1.8863146829605102, 1.8876449298858642, 1.8776417517662047, 1.871132080554962, 1.8771460127830506, 1.8687541913986205, 1.8681799864768982, 1.8769965696334838, 1.8655953311920166, 1.8753369379043578, 1.8619800543785094, 1.856868326663971, 1.8687288427352906, 1.8764238023757935, 1.861964259147644, 1.857364423274994, 1.8627848625183105, 1.847879672050476, 1.847180767059326, 1.8465622115135192, 1.8582485485076905, 1.8534352588653564, 1.8395868635177612, 1.8508727884292602, 1.8439294290542603, 1.8367240738868713, 1.867266547679901, 1.850616135597229, 1.8481475234031677, 1.8344943571090697, 1.8350063920021058, 1.8394116353988648, 1.9074919390678406],