{"model": "MLP", "train_losses": [1.9836088556051255, 1.968087532222271, 1.9614043921232223, 1.9552601504325866, 1.988033077120781, 1.9010716143250466, 1.9184556236863137, 1.844576816856861, 1.8083169803023338, 1.7989535215497017, 1.7952279433608056], "train_accs": [0.23756646856427902, 0.24820143884892087, 0.25367532061307474, 0.25523928683140445, 0.24522990303409448, 0.30153268689396306, 0.2899593368783234, 0.3059117923052862, 0.3312480450422271, 0.3274945261182359, 0.3224898342195809], "val_losses": [1.9306589984893798, 1.915969135761261, 1.9099662709236145, 1.9097980558872223, 1.9411284506320954, 1.8590287816524507, 1.8682947623729707, 1.8030653178691864, 1.7667707514762878, 1.7588368713855744, 1.7626025485992431], "val_accs": [0.26783479349186484, 0.2897371714643304, 0.28911138923654567, 0.2784730913642053, 0.27284105131414266, 0.34668335419274093, 0.3235294117647059, 0.3354192740926158, 0.3642052565707134, 0.3685857321652065, 0.34730913642052563], "best_val_epoch": 10, "lr": 0.001, "batch_size": 16}