{"model": "MLP", "train_losses": [2.0641274297237397, 1.9827512228488922, 1.9662763965129852, 1.9551996421813964, 1.9219259560108184, 1.9509893715381623, 1.8825982189178467, 1.8720990407466889, 1.8785880482196808, 1.8553330075740815, 1.844586888551712], "train_accs": [0.2073819205505161, 0.2489834219580857, 0.2569596496715671, 0.2614951517047232, 0.2941820456678136, 0.2747888645605255, 0.30669377541445103, 0.3099781044729434, 0.29465123553331246, 0.31795433218642477, 0.3226462308414138], "val_losses": [2.0255454778671265, 1.9270696973800658, 1.9132566261291504, 1.91360116481781, 1.8771269941329956, 1.909167265892029, 1.841378493309021, 1.834399094581604, 1.839782862663269, 1.8211202430725097, 1.8103908252716066], "val_accs": [0.22966207759699625, 0.27909887359199, 0.29224030037546933, 0.29474342928660824, 0.32478097622027535, 0.2978723404255319, 0.33729662077596995, 0.34668335419274093, 0.3285356695869837, 0.34730913642052563, 0.35544430538172717], "best_val_epoch": 11, "lr": 0.001, "batch_size": 64}