{"model": "MLP", "train_losses": [1.990440916121006, 1.9916508588194848, 1.9800361546874046, 1.96964879155159, 1.969501326084137, 1.9560441359877587, 1.9404579052329063, 1.883673144876957, 1.9561543068289757, 1.8296633651852607, 1.8012431842088699], "train_accs": [0.2485142320925868, 0.23647169221144823, 0.24225836721926805, 0.24444791992492962, 0.2460118861432593, 0.2499218016890835, 0.2614951517047232, 0.3048170159524554, 0.27213012198936504, 0.3314044416640601, 0.33578354707538316], "val_losses": [1.9424139034748078, 1.9392740249633789, 1.930684473514557, 1.9256447756290436, 1.9200661075115204, 1.9122793889045715, 1.8983449530601502, 1.8465877842903138, 1.9224220311641693, 1.783526940345764, 1.7675595676898956], "val_accs": [0.2809762202753442, 0.26595744680851063, 0.2640801001251564, 0.27409261576971217, 0.2765957446808511, 0.28660826032540676, 0.2897371714643304, 0.3385481852315394, 0.28473091364205255, 0.3579474342928661, 0.3642052565707134], "best_val_epoch": 11, "lr": 0.001, "batch_size": 16}