{"model": "MLP", "train_losses": [2.2095862501859664, 2.1948403614759444, 2.1885266631841658, 2.1853343135118486, 2.178004846572876, 2.19124325722456, 2.1889695000648497, 2.1692598068714144, 2.153482940495014, 2.1500045400857926, 2.143354012966156, 2.1411660620570183, 2.1368381240963936, 2.1352401658892632, 2.1332296940684317, 2.129761736392975, 2.135071661770344, 2.128255114853382, 2.126552045047283, 2.1223967108130455, 2.1230471834540365, 2.1371473377943038, 2.1198300778865815, 2.1192856788635255, 2.1157651367783545, 2.119077100455761, 2.1276826280355454, 2.1194556659460067, 2.109459103643894, 2.1174298304319383, 2.1104274368286133, 2.108199430406094, 2.129603855609894, 2.105541125237942, 2.124375665783882, 2.1054552525281904, 2.108003777861595, 2.107952241003513, 2.1155543649196624, 2.11079485476017, 2.107782748937607, 2.1095393446087836, 2.107965553700924, 2.096556021571159, 2.0952267077565194, 2.104986786544323, 2.119744533896446, 2.100063741207123, 2.0970829796791075, 2.10073246717453], "train_accs": [0.2297466374726306, 0.23584610572411635, 0.2517985611510791, 0.2544573037222396, 0.26258992805755393, 0.24194557397560212, 0.25821082264623085, 0.27885517672818266, 0.3029402564904598, 0.29746637472630594, 0.30966531122927743, 0.3077885517672818, 0.3185799186737566, 0.3174851423209259, 0.3157647794807632, 0.32108226462308415, 0.31451360650609944, 0.3207694713794182, 0.31998748827025336, 0.33046606193306227, 0.3296840788238974, 0.31154207069127304, 0.33093525179856115, 0.33375039099155457, 0.33797309978104473, 0.33375039099155457, 0.321707851110416, 0.33203002815139193, 0.34188301532686893, 0.33375039099155457, 0.33938066937754147, 0.34360337816703157, 0.3203002815139193, 0.34563653425086016, 0.3243665936815765, 0.34532374100719426, 0.34329058492336567, 0.34360337816703157, 0.33343759774788867, 0.3403190491085393, 0.3442289646543635, 0.34375977478886455, 0.33969346262120736, 0.35830466061933064, 0.3598686268376603, 0.35048482952768223, 0.3326556146387238, 0.35142320925868004, 0.35658429777916795, 0.35251798561151076], "val_losses": [2.212508578300476, 2.1953988575935366, 2.189011266231537, 2.1853164839744568, 2.1822918128967284, 2.1955610418319704, 2.1872951316833498, 2.1671790719032287, 2.1521489095687865, 2.1521844232082366, 2.140258295536041, 2.1412791800498963, 2.130843940973282, 2.1340750896930696, 2.131355451345444, 2.130180186033249, 2.1263803124427794, 2.125221511125565, 2.121299592256546, 2.123009580373764, 2.124602986574173, 2.1428892970085145, 2.125695275068283, 2.119300550222397, 2.1140937423706054, 2.1220340979099275, 2.1140544772148133, 2.1111500799655913, 2.10804198384285, 2.1099250614643097, 2.1200430619716646, 2.1053089809417727, 2.144075586795807, 2.1079838466644287, 2.111057082414627, 2.098614716529846, 2.1001917910575867, 2.1185425078868865, 2.1024785721302033, 2.1179244780540465, 2.097930964231491, 2.120302641391754, 2.1111138606071473, 2.0957489264011384, 2.0989234244823454, 2.117377964258194, 2.1336187601089476, 2.111929017305374, 2.0935290563106537, 2.096085623502731], "val_accs": [0.2227784730913642, 0.2346683354192741, 0.2521902377972466, 0.2672090112640801, 0.25844806007509386, 0.2390488110137672, 0.2647058823529412, 0.2928660826032541, 0.31289111389236546, 0.30287859824780977, 0.31789737171464333, 0.3078848560700876, 0.3285356695869837, 0.32290362953692114, 0.32227784730913644, 0.32102628285356694, 0.3379224030037547, 0.3216520650813517, 0.33291614518147683, 0.32728410513141426, 0.32478097622027535, 0.30600750938673343, 0.3260325406758448, 0.32978723404255317, 0.344180225281602, 0.327909887359199, 0.34105131414267836, 0.344180225281602, 0.34856070087609514, 0.34355444305381727, 0.3316645807259074, 0.3541927409261577, 0.30600750938673343, 0.33917396745932415, 0.34105131414267836, 0.35544430538172717, 0.3504380475594493, 0.3316645807259074, 0.3479349186483104, 0.32916145181476847, 0.3573216520650814, 0.32916145181476847, 0.3360450563204005, 0.3573216520650814, 0.3498122653316646, 0.3260325406758448, 0.31101376720901125, 0.34167709637046306, 0.35607008760951186, 0.3566958698372966], "best_val_epoch": 41, "lr": 0.001, "batch_size": 16}