{"model": "MLP", "train_losses": [1.9852346435189248, 1.9142047935724258, 1.8832661816477776, 1.8734795066714287, 1.844248954951763], "train_accs": [0.24491710979042852, 0.28839537065999377, 0.3090397247419456, 0.3157647794807632, 0.3124804504222709], "val_losses": [1.9358318769931793, 1.8668274414539336, 1.8417835807800294, 1.8298365795612335, 1.8068701589107514], "val_accs": [0.2809762202753442, 0.3235294117647059, 0.3479349186483104, 0.3498122653316646, 0.34856070087609514], "best_val_epoch": 4, "lr": 0.001, "batch_size": 16}