{"model": "MLP", "train_losses": [2.3026802098751067], "train_accs": [0.10306537378792618], "val_losses": [2.302826476097107], "val_accs": [0.09449311639549436], "best_val_epoch": 1, "lr": 5e-05, "batch_size": 32}