{"model": "MLP", "train_losses": [2.2993750762939453, 2.282175283432007, 2.2077525520324706, 2.0998141872882843, 2.037771556377411], "train_accs": [0.10181420081326244, 0.1657804191429465, 0.22161401313731624, 0.23099781044729434, 0.2663434469815452], "val_losses": [2.301772871017456, 2.2852564239501953, 2.212652368545532, 2.1080706214904783, 2.0464194011688233], "val_accs": [0.08948685857321652, 0.1583229036295369, 0.20275344180225283, 0.2284105131414268, 0.25782227784730916], "best_val_epoch": 5, "lr": 0.0001, "batch_size": 64}