{"model": "MLP", "train_losses": [2.2221106845140457, 2.1935420030355455, 2.185158687531948, 2.1819418731331823, 2.1799023017287253, 2.17951234549284, 2.1762289711833, 2.176615200340748, 2.176509745121002, 2.1738342243432998, 2.174417553842068, 2.182537603676319, 2.1749395629763604, 2.174282781779766, 2.176163878142834, 2.1680907195806505, 2.1780039873719215, 2.1687599366903303, 2.163691748380661, 2.1615813505649566, 2.155414498448372, 2.155349993109703, 2.1396969693899153, 2.1300605511665345, 2.1315588998794555, 2.1237171322107313, 2.1229227668046953, 2.128439256846905, 2.1170354011654853, 2.116170505285263, 2.118137450516224, 2.1125808477401735, 2.121897092759609, 2.1278076538443567, 2.1114235034585, 2.1079937481880187, 2.1126212173700334, 2.1103998571634293, 2.1163350361585618, 2.1057489746809006, 2.124449115097523, 2.1210737708210945, 2.1034763848781584, 2.10600410848856, 2.1038094410300254, 2.0999089542031286, 2.1031412321329115, 2.1017133694887162, 2.1043059504032136, 2.0977009576559067], "train_accs": [0.22614951517047233, 0.24726305911792304, 0.25914920237722866, 0.2558648733187363, 0.2643102908977166, 0.2646230841413825, 0.26696903346887707, 0.2614951517047232, 0.2608695652173913, 0.26603065373787926, 0.26024397873005944, 0.25367532061307474, 0.2644666875195496, 0.26352830778855174, 0.26603065373787926, 0.2718173287456991, 0.26008758210822647, 0.2716609321238661, 0.27400688145136065, 0.2763528307788552, 0.2841726618705036, 0.29934313418830155, 0.3156083828589302, 0.3284329058492337, 0.32796371598373475, 0.3340631842352205, 0.3346887707225524, 0.3243665936815765, 0.33938066937754147, 0.3381294964028777, 0.3401626524867063, 0.3421958085705349, 0.33077885517672817, 0.3224898342195809, 0.34344698154519865, 0.34782608695652173, 0.3440725680325305, 0.34282139505786674, 0.3373475132937129, 0.34923365655301847, 0.3274945261182359, 0.3303096653112293, 0.3509540193931811, 0.34829527682202066, 0.3511104160150141, 0.3558023146700031, 0.3501720362840163, 0.35032843290584925, 0.34657491398185797, 0.3558023146700031], "val_losses": [2.225701689720154, 2.2023479199409484, 2.193941011428833, 2.1920778727531434, 2.1931214964389802, 2.1887623929977416, 2.186685664653778, 2.186320812702179, 2.1830577516555785, 2.186743688583374, 2.179906017780304, 2.187789328098297, 2.1819342982769014, 2.1838300359249114, 2.181718394756317, 2.177746924161911, 2.19149104475975, 2.17917253613472, 2.174877288341522, 2.172737354040146, 2.1682328271865843, 2.174367251396179, 2.160020340681076, 2.149940611124039, 2.1484824419021606, 2.1451170122623444, 2.1453676974773406, 2.142504777908325, 2.136830840110779, 2.1343595230579377, 2.143065310716629, 2.13283238530159, 2.1387736690044403, 2.153979743719101, 2.130667219161987, 2.130893489122391, 2.1378457987308503, 2.129743275642395, 2.1388475775718687, 2.125783387422562, 2.1446104991436004, 2.138380858898163, 2.126295385360718, 2.1284454548358918, 2.121877244710922, 2.120669481754303, 2.124511831998825, 2.1219014966487886, 2.124318557977676, 2.119212990999222], "val_accs": [0.2202753441802253, 0.23028785982478098, 0.23404255319148937, 0.23967459324155194, 0.23341677096370464, 0.25406758448060074, 0.24780976220275344, 0.24342928660826033, 0.2590738423028786, 0.24155193992490614, 0.2490613266583229, 0.2503128911138924, 0.25344180225281604, 0.25156445556946183, 0.26220275344180227, 0.2565707133917397, 0.246558197747184, 0.25406758448060074, 0.2565707133917397, 0.25594493116395495, 0.26783479349186484, 0.2765957446808511, 0.2872340425531915, 0.30037546933667086, 0.3016270337922403, 0.30600750938673343, 0.3072590738423029, 0.31038798498122655, 0.3122653316645807, 0.3197747183979975, 0.304755944931164, 0.3141426783479349, 0.3160200250312891, 0.29599499374217775, 0.3160200250312891, 0.3191489361702128, 0.3097622027534418, 0.3197747183979975, 0.3166458072590738, 0.32290362953692114, 0.30663329161451813, 0.31789737171464333, 0.32290362953692114, 0.32478097622027535, 0.3310387984981227, 0.3241551939924906, 0.3241551939924906, 0.32728410513141426, 0.3260325406758448, 0.327909887359199], "best_val_epoch": 45, "lr": 0.001, "batch_size": 16}