{"model": "MLP", "train_losses": [2.2981535798311232, 2.2479895091056825, 2.1218545791506767, 2.051448179781437, 2.014040906727314, 1.9936815452575685, 1.9822477075457572, 1.9754736787080764, 1.973267564177513, 1.9697377261519433], "train_accs": [0.12339693462621207, 0.2103534563653425, 0.2034720050046919, 0.23037222395996246, 0.24429152330309664, 0.24726305911792304, 0.2466374726305912, 0.25430090710040665, 0.25351892399124176, 0.25914920237722866], "val_losses": [2.294790849685669, 2.2456055545806883, 2.119697104692459, 2.0493665671348573, 2.013040052652359, 1.992606348991394, 1.9804679727554322, 1.9730511546134948, 1.9711433386802673, 1.967690762281418], "val_accs": [0.11827284105131414, 0.21214017521902379, 0.21401752190237797, 0.22778473091364204, 0.23028785982478098, 0.24780976220275344, 0.2528160200250313, 0.2490613266583229, 0.24718397997496871, 0.2640801001251564], "best_val_epoch": 10, "lr": 0.0001, "batch_size": 16}