{"model": "MLP", "train_losses": [1.9701979419589042, 1.9078593847155572, 1.8994372436404228, 1.9027294486761093, 1.8601604002714156], "train_accs": [0.2725993118548639, 0.28542383484516737, 0.29136690647482016, 0.3024710666249609, 0.30153268689396306], "val_losses": [1.9225276732444763, 1.8622778034210206, 1.8642949759960175, 1.8618692886829376, 1.8251069009304046], "val_accs": [0.29849812265331666, 0.3197747183979975, 0.31789737171464333, 0.32728410513141426, 0.32102628285356694], "best_val_epoch": 4, "lr": 0.001, "batch_size": 16}