{"model": "MLP", "train_losses": [2.218670336008072, 2.1944663682579995, 2.186474405825138, 2.181834003329277, 2.179245534837246, 2.175746596455574, 2.1725441536307333, 2.1691783124208452, 2.1682398039102555, 2.1515841606259345, 2.147487399876118, 2.1396242642402648, 2.138379225432873, 2.13394141972065, 2.140615577995777, 2.1392577198147773, 2.1307427373528482, 2.1294427719712257, 2.143297471404076, 2.126260603070259, 2.125015041232109, 2.1232971119880677, 2.124064776599407, 2.125457646250725, 2.135084815919399, 2.1319493582844733, 2.1255177426338197, 2.1285272920131684, 2.1143963623046873, 2.1186591142416002, 2.1161221247911453, 2.1193032440543176, 2.108406945168972, 2.1064347729086874, 2.1116373336315153, 2.1137429165840147, 2.1095228347182275, 2.1081859335303306, 2.1166351938247683, 2.102393024265766, 2.103423747718334, 2.11041841596365, 2.102141929268837, 2.1019079160690306, 2.0993259882926942, 2.0999409607052804, 2.0995825001597406, 2.098417018055916, 2.1059120976924897, 2.105965329706669], "train_accs": [0.22333437597747888, 0.23490772599311854, 0.24726305911792304, 0.2558648733187363, 0.2589928057553957, 0.2664998436033782, 0.2649358773850485, 0.28776978417266186, 0.2785423834845167, 0.3098217078511104, 0.3113856740694401, 0.31513919299343135, 0.31216765717860495, 0.321551454488583, 0.30950891460744445, 0.3157647794807632, 0.3223334375977479, 0.32499218016890835, 0.3048170159524554, 0.3242101970597435, 0.3256177666562402, 0.32890209571473256, 0.32780731936190177, 0.32389740381607757, 0.3129496402877698, 0.3163903659680951, 0.3254613700344073, 0.3182671254300907, 0.33672192680638097, 0.3310916484203941, 0.33296840788238974, 0.3312480450422271, 0.34548013762902724, 0.34641851736002505, 0.3411010322177041, 0.33844228964654366, 0.34438536127619646, 0.3440725680325305, 0.33203002815139193, 0.35064122614951515, 0.35251798561151076, 0.341570222083203, 0.34970284641851734, 0.35142320925868004, 0.3534563653425086, 0.3537691585861745, 0.35157960588051296, 0.3568970910228339, 0.34657491398185797, 0.34469815451986235], "val_losses": [2.2189571499824523, 2.2013062810897828, 2.189916281700134, 2.184140377044678, 2.1815160727500915, 2.1801238560676577, 2.1743742060661315, 2.171042877435684, 2.1670593202114103, 2.15511790394783, 2.1536203920841217, 2.1422480392456054, 2.141220097541809, 2.137110185623169, 2.139755730628967, 2.1486075496673585, 2.136472851037979, 2.1372270154953004, 2.141238752603531, 2.1295409417152404, 2.1308190405368803, 2.129063742160797, 2.125593737363815, 2.1260243463516235, 2.1316244196891785, 2.130356696844101, 2.1336120235919953, 2.128016080856323, 2.1210522866249084, 2.121413515806198, 2.117125474214554, 2.1180127096176147, 2.112238200902939, 2.1139121091365816, 2.1188352131843566, 2.1116121983528138, 2.1145899629592897, 2.115486897230148, 2.116421434879303, 2.1078901731967927, 2.1052464413642884, 2.1111748909950254, 2.1080629169940948, 2.1073209941387177, 2.1026580035686493, 2.107727971076965, 2.104344449043274, 2.104652646780014, 2.105279644727707, 2.109637964963913], "val_accs": [0.21714643304130163, 0.22340425531914893, 0.246558197747184, 0.24780976220275344, 0.25344180225281604, 0.2528160200250313, 0.25844806007509386, 0.2828535669586984, 0.27409261576971217, 0.30663329161451813, 0.30037546933667086, 0.311639549436796, 0.304755944931164, 0.31101376720901125, 0.31476846057571967, 0.2972465581977472, 0.31289111389236546, 0.30600750938673343, 0.31289111389236546, 0.3172715894868586, 0.311639549436796, 0.3191489361702128, 0.32040050062578224, 0.32102628285356694, 0.311639549436796, 0.32728410513141426, 0.3160200250312891, 0.32540675844806005, 0.31789737171464333, 0.3260325406758448, 0.33229036295369213, 0.3316645807259074, 0.34730913642052563, 0.327909887359199, 0.3285356695869837, 0.33729662077596995, 0.3360450563204005, 0.33479349186483104, 0.32916145181476847, 0.34355444305381727, 0.35356695869837296, 0.34668335419274093, 0.3397997496871089, 0.3423028785982478, 0.344180225281602, 0.344180225281602, 0.3523153942428035, 0.34918648310387984, 0.3479349186483104, 0.34167709637046306], "best_val_epoch": 41, "lr": 0.001, "batch_size": 16}