{"model": "MLP", "train_losses": [2.0625585317611694, 1.9800168466567993, 1.9715801352262496, 1.9749058443307876, 1.9635564893484116, 1.9636761128902436, 1.9560049283504486, 1.9525287634134292, 1.950254254937172, 1.945423399209976, 1.9352348232269287, 1.9191841989755631, 1.9017279362678527, 1.8812853389978408, 1.8788375437259675, 1.862570542693138, 1.8505239194631578, 1.8484487289190292, 1.8320245069265366, 1.831228835582733, 1.8222446602582931, 1.8164881980419159, 1.8074589902162552, 1.7976874893903732, 1.817111058831215, 1.7901681673526764, 1.7888294118642807, 1.7889493441581725, 1.768528151512146, 1.7653766834735871, 1.7622080856561662, 1.7558081632852554, 1.7494726061820984, 1.7474007964134217, 1.7452593123912812, 1.7454503285884857, 1.7361590385437011, 1.7738208228349686, 1.739511235356331, 1.7248351258039474, 1.7264075809717179, 1.7187295484542846, 1.7231703615188598, 1.7294140142202377, 1.7236531418561936, 1.719877371788025, 1.7081750845909118, 1.7204662102460861, 1.70123397231102, 1.6966121292114258, 1.6941505372524261, 1.69210493683815, 1.695816919207573, 1.6910700398683547, 1.6869593942165375, 1.6842264580726622, 1.6888876581192016, 1.6866119420528412, 1.7111865323781967, 1.685363205075264, 1.6758148843050003, 1.6726467078924179, 1.6808007562160492, 1.6641800820827484, 1.6759385764598846, 1.6656247907876969, 1.6668238800764084, 1.6597193968296051, 1.6574472492933274, 1.6631325364112854, 1.7090894395112992, 1.6472882026433944, 1.6447469890117645, 1.6651968991756438, 1.6772569870948792, 1.6749868988990784, 1.645279633998871, 1.6485916656255721, 1.6295652556419373, 1.6502046632766723, 1.6399827015399933, 1.640522311925888, 1.6195395541191102, 1.6378177672624588, 1.6129874342679977, 1.6156800585985183, 1.629028743505478, 1.643323574066162, 1.6119519364833832, 1.6451254284381867, 1.602269744873047, 1.6249351650476456, 1.6386590367555618, 1.6077781903743744, 1.6214762669801712, 1.6122674506902694, 1.5877163809537889, 1.5841947335004807, 1.5899394166469574, 1.6053840935230255], "train_accs": [0.22896465436346575, 0.24444791992492962, 0.2511729746637473, 0.2471066624960901, 0.24976540506725053, 0.25226775101657806, 0.2636847044103847, 0.2702533625273694, 0.27400688145136065, 0.2736940882076947, 0.2738504848295277, 0.287300594307163, 0.29777916796997184, 0.3087269314982796, 0.3060681889271192, 0.3129496402877698, 0.3187363152955896, 0.3129496402877698, 0.3273381294964029, 0.3228026274632468, 0.3292148889583985, 0.3312480450422271, 0.3390678761338755, 0.341570222083203, 0.3253049734125743, 0.33844228964654366, 0.33500156396621833, 0.3303096653112293, 0.3490772599311855, 0.34532374100719426, 0.35064122614951515, 0.3528307788551767, 0.3490772599311855, 0.35564591804817014, 0.35032843290584925, 0.3528307788551767, 0.35470753831717233, 0.341570222083203, 0.35251798561151076, 0.36018142008132625, 0.35924304035032845, 0.3609634031904911, 0.35627150453550205, 0.3481388802001877, 0.36315295589615265, 0.35720988426649986, 0.3684704410384736, 0.36018142008132625, 0.36800125117297466, 0.37003440725680325, 0.3791054113231154, 0.37503909915545824, 0.3648733187363153, 0.3694088207694714, 0.3766030653737879, 0.3795746011886143, 0.3683140444166406, 0.37691585861745386, 0.35767907413199873, 0.3715983734751329, 0.381138567406944, 0.3795746011886143, 0.3747263059117923, 0.3833281201126056, 0.3822333437597748, 0.381138567406944, 0.376290272130122, 0.3806693775414451, 0.3836409133562715, 0.38176415389427587, 0.36252736940882074, 0.3931811072880826, 0.3872380356584298, 0.381138567406944, 0.37410071942446044, 0.3665936815764779, 0.3880200187675946, 0.391147951204254, 0.400844541757898, 0.391147951204254, 0.38676884579293086, 0.39458867688457927, 0.40459806068188925, 0.3900531748514232, 0.40459806068188925, 0.4019393181107288, 0.3952142633719112, 0.3825461370034407, 0.40850797622771345, 0.39646543634657494, 0.41132311542070693, 0.3941194870190804, 0.3792618079449484, 0.40522364716922116, 0.39177353769158585, 0.39474507350641225, 0.4213324992180169, 0.4232092586800125, 0.410697528933375, 0.4067876133875508], "val_losses": [2.0317363047599795, 1.9627212119102477, 1.9611751532554627, 1.974335196018219, 1.95214608669281, 1.957211310863495, 1.9503969597816466, 1.9471772742271423, 1.9499251174926757, 1.938271427154541, 1.9333937525749207, 1.9174969935417174, 1.903020441532135, 1.8841428256034851, 1.8864709091186525, 1.8729619765281678, 1.8600665307044983, 1.853620584011078, 1.8388242387771607, 1.8360511827468873, 1.826570737361908, 1.8267242884635926, 1.8177714347839355, 1.8089946341514587, 1.8334610438346863, 1.7971981811523436, 1.8005772924423218, 1.794637975692749, 1.7781952810287476, 1.7768548774719237, 1.7764228367805481, 1.7742773413658142, 1.7636470437049865, 1.761080162525177, 1.7570201921463013, 1.7616377139091492, 1.7497006249427796, 1.7958477568626403, 1.756043872833252, 1.737078342437744, 1.7365302538871765, 1.732054545879364, 1.7390224313735962, 1.7377982020378113, 1.7439528894424439, 1.7348903465270995, 1.724412477016449, 1.7362611269950867, 1.714637634754181, 1.7085680413246154, 1.7085351705551148, 1.7063004779815674, 1.7049720907211303, 1.7031951999664308, 1.7031015467643738, 1.7015230011940004, 1.700201940536499, 1.7028366255760192, 1.7340601563453675, 1.7039784598350525, 1.6846038103103638, 1.6923923659324647, 1.700777428150177, 1.6779243493080138, 1.6944089388847352, 1.6803163480758667, 1.6838702988624572, 1.6677814173698424, 1.670214762687683, 1.679469130039215, 1.7318790411949159, 1.6614109182357788, 1.6562073564529418, 1.683271815776825, 1.7016230082511903, 1.6796953654289246, 1.6621050500869752, 1.6681832385063171, 1.6450530862808228, 1.675034384727478, 1.6489912056922913, 1.6628349041938781, 1.638787295818329, 1.663624999523163, 1.6319338822364806, 1.627712745666504, 1.6551443481445312, 1.6583479619026185, 1.638266260623932, 1.6737459659576417, 1.6254871582984924, 1.635935127735138, 1.6452735114097594, 1.632264575958252, 1.6302826738357543, 1.6309012174606323, 1.6165148901939392, 1.610976254940033, 1.612206254005432, 1.6315278434753417],