{"model": "MLP", "train_losses": [2.311187767982483, 2.309259216785431, 2.307362535893917, 2.305442758202553, 2.3023625576496123, 2.2975274562835692, 2.2840449208021165, 2.246920976936817, 2.171936818063259, 2.1093366840481758], "train_accs": [0.10087582108226462, 0.10087582108226462, 0.10087582108226462, 0.10087582108226462, 0.10087582108226462, 0.1321551454488583, 0.18110728808257742, 0.20284641851736002, 0.21050985298717548, 0.21285580231467], "val_losses": [2.316085023880005, 2.313438822031021, 2.311154464483261, 2.3088788092136383, 2.3055788004398345, 2.3004231321811677, 2.286716047525406, 2.249949079155922, 2.1762073147296905, 2.1183892953395844], "val_accs": [0.08385481852315395, 0.08385481852315395, 0.08385481852315395, 0.08385481852315395, 0.08385481852315395, 0.11889862327909888, 0.17459324155193992, 0.1964956195244055, 0.2002503128911139, 0.20337922403003755], "best_val_epoch": 10, "lr": 5e-05, "batch_size": 8}