{"model": "MLP", "train_losses": [2.2837936621904373, 2.2417769742012026, 2.234449584186077, 2.2306867980957032, 2.2314729246497156, 2.2468776133656503, 2.2302659460902214, 2.265120803117752, 2.2334877038002015, 2.2240000331401824], "train_accs": [0.12777604003753518, 0.19346262120738192, 0.20675633406318422, 0.2117610259618392, 0.2084766969033469, 0.19299343134188301, 0.2133249921801689, 0.16953393806693776, 0.2103534563653425, 0.21786049421332498], "val_losses": [2.282193398475647, 2.2452518701553346, 2.2373353028297425, 2.232178518772125, 2.2311021876335144, 2.2473732948303224, 2.2315268301963807, 2.281463203430176, 2.2394343519210818, 2.2238646745681763], "val_accs": [0.12578222778473092, 0.1902377972465582, 0.2127659574468085, 0.21151439299123906, 0.21151439299123906, 0.19774718397997496, 0.21214017521902379, 0.15894868585732166, 0.21526908635794745, 0.21151439299123906], "best_val_epoch": 9, "lr": 0.01, "batch_size": 16}