{"model": "MLP", "train_losses": [2.3065752243995665, 2.3057337760925294, 2.3048328971862793, 2.3036572551727295, 2.3019527649879454, 2.2986706566810606, 2.292087574005127, 2.280475604534149, 2.258671452999115, 2.211345455646515], "train_accs": [0.09712230215827339, 0.09712230215827339, 0.09712230215827339, 0.09712230215827339, 0.0980606818892712, 0.13356271504535502, 0.17297466374726306, 0.1737566468564279, 0.18282765092274006, 0.183140444166406], "val_losses": [2.306099910736084, 2.3054392910003663, 2.30468939781189, 2.303682632446289, 2.302145071029663, 2.299125728607178, 2.2929271602630616, 2.2818993854522707, 2.261238012313843, 2.2164529609680175], "val_accs": [0.09887359198998748, 0.09887359198998748, 0.09887359198998748, 0.09887359198998748, 0.09887359198998748, 0.13078848560700876, 0.1620775969962453, 0.17146433041301626, 0.1858573216520651, 0.18335419274092615], "best_val_epoch": 9, "lr": 0.0001, "batch_size": 64}