{"model": "MLP", "train_losses": [1.9559810167551042, 1.9065208512544631, 1.873825828433037, 1.842385667860508, 1.848802463710308], "train_accs": [0.2796371598373475, 0.2862058179543322, 0.3074757585236159, 0.316703159211761, 0.30731936190178294], "val_losses": [1.9078020310401917, 1.8637785756587981, 1.8390177929401397, 1.809531375169754, 1.8190763556957246], "val_accs": [0.3191489361702128, 0.32478097622027535, 0.3385481852315394, 0.35544430538172717, 0.3304130162703379], "best_val_epoch": 4, "lr": 0.001, "batch_size": 16}