{"model": "MLP", "train_losses": [2.295075957775116, 2.2865375542640685, 2.2750517439842226, 2.2617773675918578, 2.2472056269645693, 2.232543798685074, 2.2186345613002776, 2.2056942105293276, 2.1947503477334975, 2.184581828117371, 2.175595256090164, 2.167611339688301, 2.1613846218585966, 2.1547089022397996, 2.1489223796129227, 2.143511766195297, 2.139303596019745, 2.1345130479335785, 2.1305699944496155, 2.126609959602356, 2.122831539511681, 2.119879108667374, 2.116482274532318, 2.113672660589218, 2.1104159343242643, 2.1079803991317747, 2.105298010110855, 2.1028139281272886, 2.100063244104385, 2.097537282705307, 2.09518516600132, 2.0928742146492003, 2.090473409295082, 2.0880537939071657, 2.0859790897369384, 2.0840629613399506, 2.0817116981744768, 2.079612131714821, 2.0777528041601183, 2.076124729514122, 2.0737859064340594, 2.071446776986122, 2.070020129084587, 2.067618574500084, 2.0656861567497256, 2.063536592125893, 2.0618046140670776, 2.0602200543880462, 2.058245257139206, 2.0564653527736665, 2.054640964269638, 2.0534412330389022, 2.0514971458911897, 2.049048791527748, 2.047618948817253, 2.0459332448244094, 2.044364640712738, 2.0424620157480238, 2.040980023145676, 2.0394495344161987, 2.037796697020531, 2.0362959975004196, 2.034334242939949, 2.033245165348053, 2.03163603246212, 2.0300648719072343, 2.028359844088554, 2.027197128534317, 2.025830265879631, 2.0237252789735796, 2.0228673058748243, 2.0214338552951814, 2.0204816138744355, 2.0185771304368973, 2.0173960775136948, 2.0162334072589876, 2.0146434462070464, 2.014022263288498, 2.012586995959282, 2.0108433455228805, 2.0112512409687042, 2.0088405019044875, 2.0073053085803987, 2.0061917889118193, 2.005261353254318, 2.004557526707649, 2.0032527488470078, 2.001759507060051, 2.000475625395775, 1.9997182434797287, 1.9985467046499252, 1.99757164478302, 1.9966239386796951, 1.9957931500673294, 1.995428465604782, 1.9938142013549804, 1.9928107178211212, 1.9916912358999252, 1.990916174054146, 1.9901530128717422], "train_accs": [0.15717860494213326, 0.15827338129496402, 0.1792305286205818, 0.19627776040037534, 0.20800750703784798, 0.2103534563653425, 0.21692211448232718, 0.21707851110416015, 0.2133249921801689, 0.22114482327181734, 0.22552392868314045, 0.22349077259931185, 0.227713481388802, 0.22708789490147013, 0.22927744760713167, 0.22896465436346575, 0.22927744760713167, 0.22740068814513606, 0.2322489834219581, 0.22927744760713167, 0.2336565530184548, 0.237722865186112, 0.2370972786987801, 0.2400688145136065, 0.24538629965592743, 0.23991241789177353, 0.2400688145136065, 0.24820143884892087, 0.24491710979042852, 0.2469502658742571, 0.2521113543947451, 0.2489834219580857, 0.25164216452924615, 0.2514857679074132, 0.25351892399124176, 0.25367532061307474, 0.25461370034407255, 0.25555208007507035, 0.2558648733187363, 0.2539881138567407, 0.2568032530497341, 0.2588364091335627, 0.25930559899906164, 0.26024397873005944, 0.2604003753518924, 0.262433531435721, 0.2604003753518924, 0.26415389427588365, 0.26024397873005944, 0.25836721926806383, 0.2618079449483891, 0.2597747888645605, 0.2639974976540507, 0.26118235846105725, 0.2638411010322177, 0.26618705035971224, 0.26618705035971224, 0.2638411010322177, 0.26853299968720673, 0.2657178604942133, 0.2664998436033782, 0.2649358773850485, 0.267281826712543, 0.26900218955270566, 0.2697841726618705, 0.26822020644354083, 0.27009696590553645, 0.2757272442915233, 0.2725993118548639, 0.2716609321238661, 0.2702533625273694, 0.2718173287456991, 0.2754144510478574, 0.2697841726618705, 0.272442915233031, 0.2677510165780419, 0.2713481388802002, 0.2747888645605255, 0.27588364091335627, 0.27979355645918047, 0.27682202064435407, 0.277447607131686, 0.277447607131686, 0.2735376915858617, 0.27713481388802, 0.27510165780419144, 0.2765092274006881, 0.2765092274006881, 0.27697841726618705, 0.27948076321551457, 0.27713481388802, 0.2757272442915233, 0.2783859868626838, 0.2743196746950266, 0.2783859868626838, 0.27901157335001564, 0.2763528307788552, 0.27948076321551457, 0.2801063497028464, 0.2805755395683453], "val_losses": [2.2974517917633057, 2.2890994215011595, 2.277595911026001, 2.2645720767974855, 2.2489231967926027, 2.2336302328109743, 2.219942011833191, 2.2060086727142334, 2.1949548816680906, 2.181393418312073, 2.172059903144836, 2.163772368431091, 2.156103701591492, 2.149539747238159, 2.1418927836418153, 2.1363141179084777, 2.1314847755432127, 2.126940951347351, 2.122481565475464, 2.11770756483078, 2.1133577466011046, 2.110974304676056, 2.106978266239166, 2.103759424686432, 2.0998829913139345, 2.0979790449142457, 2.0958480501174925, 2.092621693611145, 2.090012104511261, 2.0868629789352418, 2.0847985124588013, 2.082828278541565, 2.0800259613990786, 2.0786787271499634, 2.076381506919861, 2.0742838191986084, 2.071378049850464, 2.0696530604362486, 2.06746618270874, 2.066830451488495, 2.0639067983627317, 2.0619707775115965, 2.0604845118522643, 2.058347828388214, 2.056652925014496, 2.0544463777542115, 2.0536068868637085, 2.0509007501602174, 2.0506991171836852, 2.049058287143707, 2.0459170794487, 2.046315643787384, 2.0439490699768066, 2.0412157917022706, 2.039741802215576, 2.0386599493026734, 2.0374514746665953, 2.0355399441719055, 2.033608057498932, 2.033059573173523, 2.0307639932632444, 2.0292227339744566, 2.0281004214286806, 2.0263472390174866, 2.0260593700408935, 2.0235338258743285, 2.022150764465332, 2.021068663597107, 2.0194540452957153, 2.018558030128479, 2.017883424758911, 2.0161042737960817, 2.014774935245514, 2.0135620713233946, 2.0122350907325743, 2.011504511833191, 2.0103512668609618, 2.0099019169807435, 2.0081173753738404, 2.0069962430000303, 2.006421859264374, 2.003623378276825, 2.00358913898468, 2.002445197105408, 2.0017839312553405, 2.001682417392731, 1.9995916128158568, 1.998310945034027, 1.9969319462776185, 1.9967181086540222, 1.9953918600082396, 1.9946633195877075, 1.993627381324768, 1.9933141303062438, 1.9920508480072021, 1.992168071269989, 1.9899387168884277, 1.9885484337806703, 1.9879816341400147, 1.9869854903221131],