{"model": "MLP", "train_losses": [2.0194943833351133, 1.9719812542200088, 1.9224554789066315, 1.8939246183633804, 1.869884738624096, 1.8561960649490357, 1.849864591062069, 1.8848985868692398, 1.8256589552760125, 1.8088436049222947], "train_accs": [0.2341257428839537, 0.2547700969659055, 0.2843290584923366, 0.29480763215514544, 0.31326243353143574, 0.3203002815139193, 0.3223334375977479, 0.2960588051298092, 0.3248357835470754, 0.3403190491085393], "val_losses": [2.0251574289798735, 1.9722556149959565, 1.9203246092796327, 1.902129601240158, 1.883148775100708, 1.8736442017555237, 1.8695773768424988, 1.913225121498108, 1.85042635679245, 1.8326320922374726], "val_accs": [0.23529411764705882, 0.2647058823529412, 0.2809762202753442, 0.29474342928660824, 0.29849812265331666, 0.30663329161451813, 0.3197747183979975, 0.2972465581977472, 0.31789737171464333, 0.32227784730913644], "best_val_epoch": 10, "lr": 0.001, "batch_size": 16}