{"model": "MLP", "train_losses": [2.302542954683304, 2.2644673907756805, 2.138423030376434, 2.067406342625618, 2.0170791590213777, 1.9890314739942552, 1.9774838823080063, 1.9724321538209915, 1.970056514143944, 1.9655340951681137, 1.9641487854719162], "train_accs": [0.0985298717547701, 0.17844854551141695, 0.2005004691898655, 0.23584610572411635, 0.23678448545511416, 0.24522990303409448, 0.2597747888645605, 0.24288395370659993, 0.25320613074757586, 0.25539568345323743, 0.26118235846105725], "val_losses": [2.3041892576217653, 2.2594657278060915, 2.10665744304657, 2.0291928958892824, 1.9695060873031616, 1.9376003551483154, 1.9265697479248047, 1.9182535219192505, 1.9170622611045838, 1.91321359872818, 1.9132511258125304], "val_accs": [0.10638297872340426, 0.18523153942428036, 0.21214017521902379, 0.2640801001251564, 0.2640801001251564, 0.27909887359199, 0.2909887359198999, 0.27409261576971217, 0.2909887359198999, 0.2834793491864831, 0.29912390488110135], "best_val_epoch": 11, "lr": 0.0001, "batch_size": 32}