{"model": "MLP", "train_losses": [2.0099284619092943, 1.984906325340271, 1.9701050251722336, 1.955085238814354, 1.9491653978824615, 1.9284124279022217, 1.9049731785058974, 1.8686218959093095, 1.846305748820305, 1.8277176880836488, 1.8203655552864075], "train_accs": [0.2386612449171098, 0.23787926180794494, 0.24194557397560212, 0.24913981857991868, 0.25836721926806383, 0.2910541132311542, 0.2876133875508289, 0.3024710666249609, 0.3137316233969346, 0.321707851110416, 0.3284329058492337], "val_losses": [1.9578915977478026, 1.9299050021171569, 1.9244777989387511, 1.902081778049469, 1.9011127209663392, 1.8833400058746337, 1.8607983112335205, 1.8246538591384889, 1.8072415113449096, 1.794013831615448, 1.7859581637382507], "val_accs": [0.2609511889862328, 0.26220275344180227, 0.27409261576971217, 0.28660826032540676, 0.29474342928660824, 0.32540675844806005, 0.3160200250312891, 0.33229036295369213, 0.35356695869837296, 0.34355444305381727, 0.3541927409261577], "best_val_epoch": 11, "lr": 0.001, "batch_size": 32}