{"model": "MLP", "train_losses": [2.303572292327881, 2.3008230113983155, 2.29782678604126, 2.2932745170593263, 2.285799922943115, 2.2736123752593995, 2.2544948863983154, 2.2253211307525635, 2.1855006408691406, 2.1404898834228514], "train_accs": [0.09759149202377229, 0.0980606818892712, 0.13137316233969346, 0.11135439474507351, 0.1474820143884892, 0.1648420394119487, 0.17860494213324993, 0.1920550516108852, 0.20519236784485456, 0.20753831717234908], "val_losses": [2.3046675750187466, 2.3022183009556363, 2.2995870113372803, 2.2958338941846574, 2.28970353943961, 2.2797088623046875, 2.263629743031093, 2.239452498299735, 2.2055535657065257, 2.1663757392338345], "val_accs": [0.0969962453066333, 0.10012515644555695, 0.1276595744680851, 0.10137672090112641, 0.1251564455569462, 0.13704630788485608, 0.1595744680851064, 0.16708385481852314, 0.1783479349186483, 0.1858573216520651], "best_val_epoch": 10, "lr": 0.0001, "batch_size": 256}