{"model": "MLP", "train_losses": [2.3047827792167666, 2.3025015842914582, 2.295340384244919, 2.2685628926753996, 2.18505885720253, 2.0982916867733, 2.051271383166313, 2.0225454503297806, 2.0062599551677702, 1.993291626572609, 1.986964703798294, 1.9824638414382934, 1.9801668041944505, 1.9802148950099945, 1.9770408111810684, 1.9744322419166564, 1.973332622051239, 1.9720736330747604, 1.9746009421348572, 1.970568038225174, 1.969757439494133, 1.9691772466897965, 1.969275300502777, 1.9678435796499252, 1.9670911699533462, 1.9708719050884247, 1.9673913049697875, 1.965064706802368, 1.965946848988533, 1.9658113408088684, 1.9646913820505143, 1.9637346756458283, 1.9623951190710067, 1.9613769125938416, 1.9605832713842393, 1.9600202250480652, 1.9600440925359726, 1.9590479719638825, 1.9596899455785752, 1.9593583470582963, 1.9573391753435134, 1.95699301302433, 1.9572115641832353, 1.9553967475891114, 1.9560304909944535, 1.9543120557069777, 1.9546258324384689, 1.9542386096715927, 1.9559942418336869, 1.9534270203113555, 1.9519295519590378, 1.950956984758377, 1.950665488243103, 1.9495940667390823, 1.9491340816020966, 1.948453961610794, 1.9477958208322526, 1.9531657356023788, 1.9487048763036727, 1.9459537518024446, 1.945689542889595, 1.945667655467987, 1.9461263579130172, 1.9425565099716187, 1.9424485915899277, 1.942876683473587, 1.9436968517303468, 1.9398947310447694, 1.939914048910141, 1.9393101358413696, 1.9374948292970657, 1.936846130490303, 1.9372361093759536, 1.9373989456892013, 1.9341725254058837, 1.9334160369634628, 1.9338463199138642, 1.9317093592882157, 1.9318454855680465, 1.930711480975151, 1.9309421789646148, 1.9285727405548097, 1.9275013720989227, 1.927482520341873, 1.925756807923317, 1.9277637016773224, 1.9240012216567992, 1.927218946814537, 1.9225834733247757, 1.9221173936128617, 1.9209785372018815, 1.9205232840776443, 1.919117797613144, 1.9179613882303237, 1.9190667563676833, 1.9192958903312682, 1.9177541136741638, 1.9151837593317032, 1.9135018426179886, 1.9127655732631683], "train_accs": [0.10416015014075695, 0.10416015014075695, 0.11276196434157022, 0.1954957772912105, 0.22865186111979982, 0.2148889583984986, 0.22239599624648107, 0.24147638411010322, 0.24538629965592743, 0.23928683140444165, 0.242571160462934, 0.2441351266812637, 0.24085079762277134, 0.24569909289959338, 0.2530497341257429, 0.24788864560525492, 0.2455426962777604, 0.24976540506725053, 0.2549264935877385, 0.25461370034407255, 0.2435095401939318, 0.25164216452924615, 0.25226775101657806, 0.2577416327807319, 0.2508601814200813, 0.25258054426024396, 0.24335314357209883, 0.25070378479824834, 0.25430090710040665, 0.2464810760087582, 0.2521113543947451, 0.24491710979042852, 0.25242414763841103, 0.25555208007507035, 0.25633406318423524, 0.2580544260243979, 0.2577416327807319, 0.25570847669690333, 0.24960900844541759, 0.2530497341257429, 0.2608695652173913, 0.2569596496715671, 0.25461370034407255, 0.25727244291523305, 0.25821082264623085, 0.2607131685955583, 0.25758523615889894, 0.2549264935877385, 0.25727244291523305, 0.2568032530497341, 0.26008758210822647, 0.26008758210822647, 0.2588364091335627, 0.257428839537066, 0.2618079449483891, 0.2627463246793869, 0.2627463246793869, 0.25461370034407255, 0.2560212699405693, 0.2619643415702221, 0.2619643415702221, 0.2578980294025649, 0.25930559899906164, 0.26321551454488584, 0.26321551454488584, 0.2597747888645605, 0.257428839537066, 0.26212073819205506, 0.2627463246793869, 0.2627463246793869, 0.2654050672505474, 0.26227713481388804, 0.2629027213012199, 0.26321551454488584, 0.26696903346887707, 0.267438223334376, 0.2654050672505474, 0.2657178604942133, 0.26712543009071005, 0.2666562402252111, 0.2643102908977166, 0.26900218955270566, 0.2677510165780419, 0.2675946199562089, 0.26994056928370347, 0.2664998436033782, 0.26994056928370347, 0.2668126368470441, 0.2705661557710353, 0.27150453550203313, 0.2718173287456991, 0.272442915233031, 0.27416327807319363, 0.27400688145136065, 0.2736940882076947, 0.2738504848295277, 0.27416327807319363, 0.2746324679386925, 0.2776040037535189, 0.27494526118235846], "val_losses": [2.3090589475631713, 2.306232361793518, 2.29764778137207, 2.2663279819488524, 2.1689633989334105, 2.072797272205353, 2.02684499502182, 2.000132215023041, 1.9854763913154603, 1.9714459872245789, 1.9661316108703613, 1.9591755843162537, 1.9554932951927184, 1.9592954158782958, 1.9556843662261962, 1.9515239596366882, 1.9491083383560182, 1.9479306721687317, 1.9527244758605957, 1.9471737098693849, 1.9448492789268494, 1.944949724674225, 1.9458758401870728, 1.944239637851715, 1.9428822779655457, 1.9489089226722718, 1.9414815831184387, 1.9400355648994445, 1.9432157325744628, 1.940102527141571, 1.9420188879966735, 1.9383377575874328, 1.9381783628463745, 1.9371729040145873, 1.9358999013900757, 1.9351430344581604, 1.9358547258377075, 1.9348671698570252, 1.9337673425674438, 1.9332633447647094, 1.9328601264953613, 1.9314750003814698, 1.9311625456809998, 1.9310919189453124, 1.9318949270248413, 1.9303154134750367, 1.930772807598114, 1.9284067201614379, 1.9328331518173218, 1.929882400035858, 1.928357400894165, 1.9266395354270935, 1.925187714099884, 1.925291771888733, 1.9250941610336303, 1.9239333748817444, 1.9230305743217468, 1.9262412309646606, 1.9227403163909913, 1.9220519948005677, 1.9203541803359985, 1.922666084766388, 1.922446253299713, 1.9188029384613037, 1.9181094694137573, 1.917317180633545, 1.9210663795471192, 1.9156146407127381, 1.9148908686637878, 1.915162296295166, 1.913384063243866, 1.9120674633979797, 1.9138456988334656, 1.9117366862297058, 1.9098656368255615, 1.9094580936431884, 1.908671588897705, 1.907391049861908, 1.9088054752349854, 1.9073823404312134, 1.90562504529953, 1.9043934059143066, 1.9036864638328552, 1.9029725503921509, 1.901484227180481, 1.905078055858612, 1.9004186940193177, 1.9039272046089173, 1.8989302682876588, 1.897912392616272, 1.8966199684143066, 1.896663055419922, 1.8950142765045166, 1.8932942175865173, 1.8952790069580079, 1.8968913626670838, 1.8951583766937257, 1.8910566902160644, 1.8894592380523683, 1.8890460348129272],