{"model": "MLP", "train_losses": [2.287059669494629, 2.2713619697093965, 2.252734355926514, 2.23344113945961, 2.214776222705841, 2.198742780685425, 2.1858367121219633, 2.1726993924379348, 2.163023270368576, 2.154044125676155, 2.146493983268738, 2.139601220488548, 2.1340243500471114, 2.12937492787838, 2.123457590341568, 2.119082517027855, 2.1157740700244902, 2.1114945930242537, 2.1078965997695924, 2.103859022259712, 2.101004332304001, 2.0973992097377776, 2.094404546022415, 2.090942924618721, 2.0881709271669386, 2.085436254143715, 2.084246703386307, 2.080931999087334, 2.077128508090973, 2.075601712465286, 2.0727853322029115, 2.0699230289459227, 2.0673888248205183, 2.0654269391298294, 2.0626160591840743, 2.060749004483223, 2.0583167243003846, 2.0574750554561616, 2.0541343051195144, 2.0523558109998703, 2.0504416608810425, 2.048348177075386, 2.0507614362239837, 2.0450483042001726, 2.0432052981853484, 2.0413405472040176, 2.041065272092819, 2.0378891789913176, 2.0363965278863905, 2.0342324024438856, 2.032667208313942, 2.031511607170105, 2.029544379711151, 2.0290879660844805, 2.0279396027326584, 2.0261751228570937, 2.0238197523355486, 2.023119727373123, 2.022129293680191, 2.021250997185707, 2.01888946056366, 2.017253684401512, 2.016377600431442, 2.015716797709465, 2.0137391084432603, 2.0132568639516832, 2.011698009967804, 2.01191185772419, 2.011813110113144, 2.010034497976303, 2.0073972690105437, 2.00600633084774, 2.0047268229722977, 2.0030223399400713, 2.0019392424821856, 2.001329802274704, 1.999809109568596, 1.9995948600769042, 1.9985783392190932, 1.9983469676971435, 1.9963733100891112, 1.9946289157867432, 1.9937607991695403, 1.9919986307621003, 1.991276473402977, 1.990001916885376, 1.9895240300893784, 1.9892971837520599, 1.9879932230710984, 1.9860199755430221, 1.9856510442495345, 1.9844844317436219, 1.9867976558208467, 1.9823401534557343, 1.9823268032073975, 1.9797251969575882, 1.980043664574623, 1.978557327389717, 1.9776249945163726, 1.9764581418037415], "train_accs": [0.1366906474820144, 0.18345323741007194, 0.21707851110416015, 0.2064435408195183, 0.1950265874257116, 0.20722552392868315, 0.21911166718798875, 0.22239599624648107, 0.22646230841413825, 0.22051923678448546, 0.22614951517047233, 0.22708789490147013, 0.22489834219580856, 0.227713481388802, 0.2402252111354395, 0.2386612449171098, 0.2406944010009384, 0.237722865186112, 0.24272755708476698, 0.23741007194244604, 0.2511729746637473, 0.24444791992492962, 0.24444791992492962, 0.2519549577729121, 0.2489834219580857, 0.2499218016890835, 0.2580544260243979, 0.25727244291523305, 0.2508601814200813, 0.2539881138567407, 0.2594619956208946, 0.2578980294025649, 0.2589928057553957, 0.2580544260243979, 0.25523928683140445, 0.26055677197372534, 0.2608695652173913, 0.25727244291523305, 0.2608695652173913, 0.2644666875195496, 0.2589928057553957, 0.26008758210822647, 0.2619643415702221, 0.2683766030653738, 0.2647794807632155, 0.26321551454488584, 0.2696277760400375, 0.2677510165780419, 0.26603065373787926, 0.2683766030653738, 0.2643102908977166, 0.2675946199562089, 0.2688457929308727, 0.26806380982170785, 0.2725993118548639, 0.2649358773850485, 0.2693149827963716, 0.2702533625273694, 0.2716609321238661, 0.27791679699718486, 0.2713481388802002, 0.27197372536753206, 0.2686893963090397, 0.272442915233031, 0.2747888645605255, 0.2793243665936816, 0.2761964341570222, 0.27494526118235846, 0.27979355645918047, 0.27604003753518924, 0.27979355645918047, 0.2744760713168596, 0.2783859868626838, 0.2804191429465124, 0.2776040037535189, 0.27807319361901783, 0.2830778855176728, 0.2761964341570222, 0.2796371598373475, 0.27494526118235846, 0.28245229903034097, 0.2807319361901783, 0.28104472943384423, 0.2830778855176728, 0.2826086956521739, 0.28276509227400687, 0.27807319361901783, 0.2796371598373475, 0.282295902408508, 0.282295902408508, 0.2843290584923366, 0.28292148889583985, 0.27979355645918047, 0.2855802314670003, 0.2815139192993431, 0.2876133875508289, 0.27994995308101345, 0.2851110416015014, 0.2843290584923366, 0.2885517672818267], "val_losses": [2.287823910713196, 2.2709515428543092, 2.250687108039856, 2.228158140182495, 2.2108000898361206, 2.1911633157730104, 2.1798251152038572, 2.166217155456543, 2.1543465876579284, 2.146637191772461, 2.1385224747657774, 2.1317609167099, 2.125648334026337, 2.1226129126548767, 2.1153031516075136, 2.112731816768646, 2.109624135494232, 2.105154523849487, 2.100849997997284, 2.097225916385651, 2.0939815616607667, 2.0922125291824343, 2.0885789155960084, 2.086806242465973, 2.082591755390167, 2.0802442502975462, 2.0790452051162718, 2.0754817008972166, 2.0712340903282165, 2.0703250479698183, 2.068205380439758, 2.065644419193268, 2.0611983847618105, 2.0610474514961243, 2.0575222420692443, 2.055857980251312, 2.0540301108360293, 2.0520243883132934, 2.049589524269104, 2.0468289113044738, 2.044647364616394, 2.04240318775177, 2.0457804799079895, 2.0402225971221926, 2.038928174972534, 2.034804937839508, 2.0356522822380065, 2.0318454551696776, 2.03173371553421, 2.028972179889679, 2.026138141155243, 2.0266666054725646, 2.023569309711456, 2.0223060250282288, 2.0224091029167175, 2.0204983520507813, 2.0187352180480955, 2.0168523168563843, 2.015855464935303, 2.016098346710205, 2.0127616548538207, 2.0111745500564577, 2.010137734413147, 2.0104403710365295, 2.008245542049408, 2.0080163192749025, 2.005696678161621, 2.0062108206748963, 2.006435658931732, 2.004305419921875, 2.002423725128174, 1.9999018478393555, 1.9980048847198486, 1.9960683393478393, 1.9951210498809815, 1.9954016852378844, 1.9943898344039916, 1.9936214947700501, 1.9916002035140992, 1.9923247981071472, 1.9899739551544189, 1.988176989555359, 1.9884819531440734, 1.9838871884346008, 1.9842451786994935, 1.9840713810920716, 1.9830920672416688, 1.9819876122474671, 1.9819426655769348, 1.9797555661201478, 1.9771402025222777, 1.9776975107192993, 1.9803056383132935, 1.9750761222839355, 1.975586040019989, 1.9728434896469116, 1.9736117100715638, 1.9705278635025025, 1.9697787809371947, 1.9693239736557007],