{"model": "MLP", "train_losses": [1.9772235783934593, 1.9456033304333686, 1.8834585174918175, 1.8529400405287744, 1.8356090241670608], "train_accs": [0.25320613074757586, 0.27697841726618705, 0.29574601188614325, 0.31513919299343135, 0.3254613700344073], "val_losses": [1.9293265795707704, 1.8956077361106873, 1.8384130609035492, 1.8180973243713379, 1.8045747947692872], "val_accs": [0.27972465581977474, 0.3166458072590738, 0.32478097622027535, 0.34856070087609514, 0.3498122653316646], "best_val_epoch": 5, "lr": 0.001, "batch_size": 16}