{"model": "MLP", "train_losses": [2.305128140449524, 2.303100700378418, 2.3000830793380738, 2.2949956846237183, 2.285631914138794, 2.2672405767440797, 2.230076651573181, 2.1748760461807253, 2.127541308403015, 2.0874864292144775, 2.0525579857826233], "train_accs": [0.09790428526743822, 0.09790428526743822, 0.09790428526743822, 0.09790428526743822, 0.09790428526743822, 0.09790428526743822, 0.12167657178604942, 0.1936190178292149, 0.21113543947450736, 0.21817328745699094, 0.22458554895214264], "val_losses": [2.302129892202524, 2.300397964624258, 2.2973761008335996, 2.291801617695735, 2.2813272659595194, 2.2601596208719106, 2.2170690022982082, 2.153681149849525, 2.0988167982835035, 2.054252551152156, 2.016981867643503], "val_accs": [0.11514392991239049, 0.11514392991239049, 0.11514392991239049, 0.11514392991239049, 0.11514392991239049, 0.11514392991239049, 0.13516896120150187, 0.21401752190237797, 0.23028785982478098, 0.23717146433041303, 0.24718397997496871], "best_val_epoch": 11, "lr": 0.0001, "batch_size": 128}