{"model": "MLP", "train_losses": [1.9804498118162155, 2.0713670173287393, 1.9656360056996345, 1.9867536199092866, 1.9504366263747215, 1.9585285091400146, 1.8678488779067992, 1.8822914850711823, 1.8249369084835052, 1.7911462324857712, 1.7767740845680238], "train_accs": [0.24241476384110103, 0.20925868001251172, 0.2436659368157648, 0.2341257428839537, 0.2569596496715671, 0.2616515483265561, 0.3049734125742884, 0.2980919612136378, 0.3253049734125743, 0.3376603065373788, 0.33296840788238974], "val_losses": [1.9290712201595306, 2.024344264268875, 1.9191308689117432, 1.9371448588371276, 1.903116900920868, 1.9200275349617004, 1.8293228924274445, 1.8404768443107604, 1.7850801348686218, 1.7555364072322845, 1.7367165970802307], "val_accs": [0.2759699624530663, 0.23028785982478098, 0.26846057571964954, 0.2709637046307885, 0.2878598247809762, 0.2772215269086358, 0.344180225281602, 0.3241551939924906, 0.3623279098873592, 0.3717146433041302, 0.37484355444305384], "best_val_epoch": 11, "lr": 0.001, "batch_size": 16}