{"model": "MLP", "train_losses": [2.2051761078834535, 2.1902857172489165, 2.2002131474018096, 2.1949765354394914, 2.179349964559078, 2.1606011271476744, 2.1482455641031266, 2.1455854186415673, 2.1385833489894868, 2.136507528424263, 2.145559075474739, 2.140587124824524, 2.138459782600403, 2.1326506796479223, 2.1317019665241244, 2.1201149874925616, 2.121670103371143, 2.1200412702560425, 2.1211068001389504, 2.1213260900974276, 2.114064686894417, 2.1194984605908394, 2.1125305208563803, 2.1149600848555563, 2.11186528980732, 2.109548007249832, 2.106427834033966, 2.1032699954509737, 2.1073861396312714, 2.108317692875862, 2.118270113170147, 2.108641692996025, 2.1038315504789353, 2.1158804231882096, 2.1014156955480576, 2.1021802642941476, 2.1045377776026726, 2.102974519431591, 2.1021318140625955, 2.0973892667889595, 2.095963193774223, 2.100965283513069, 2.1006664770841597, 2.1078117641806604, 2.1044113206863404, 2.100341075360775, 2.094673681259155, 2.0975512045621874, 2.0991825756430624, 2.092080548107624], "train_accs": [0.2421019705974351, 0.2519549577729121, 0.22849546449796684, 0.24272755708476698, 0.26822020644354083, 0.28745699092899596, 0.30137629027213014, 0.31013450109477636, 0.31310603690960276, 0.31623396934626213, 0.3029402564904598, 0.3054426024397873, 0.30919612136377855, 0.3184235220519237, 0.3204566781357523, 0.3321864247732249, 0.3345323741007194, 0.33203002815139193, 0.331560838285893, 0.33077885517672817, 0.3376603065373788, 0.33077885517672817, 0.3431341883015327, 0.33640913356271507, 0.34329058492336567, 0.3431341883015327, 0.34579293087269314, 0.3509540193931811, 0.3439161714106975, 0.34626212073819207, 0.3323428213950579, 0.34266499843603376, 0.34876446668751954, 0.3401626524867063, 0.3507976227713481, 0.35361276196434155, 0.35032843290584925, 0.3511104160150141, 0.34939005317485144, 0.35611510791366907, 0.35752267751016575, 0.3539255552080075, 0.35564591804817014, 0.34360337816703157, 0.3479824835783547, 0.35329996872067565, 0.36143259305599, 0.3578354707538317, 0.3550203315608383, 0.3609634031904911], "val_losses": [2.1925573921203614, 2.1737486159801485, 2.1830278289318086, 2.1806649315357207, 2.161178010702133, 2.1415747010707857, 2.1314342868328096, 2.1309327340126036, 2.1240884828567506, 2.1268342089653016, 2.129055938720703, 2.124376455545425, 2.1220231473445894, 2.1147432994842528, 2.1157369017601013, 2.107064174413681, 2.109228811264038, 2.1059179985523224, 2.1113327312469483, 2.109795850515366, 2.1019568264484407, 2.1081424236297606, 2.103182245492935, 2.0996160662174224, 2.0998076045513154, 2.09338858127594, 2.095290968418121, 2.090987567901611, 2.091192765235901, 2.0990279543399812, 2.109783396720886, 2.0996802687644958, 2.0923700642585756, 2.105171421766281, 2.0861922991275788, 2.0924281656742094, 2.094407470226288, 2.0942085754871367, 2.0837970566749573, 2.084795513153076, 2.0871256601810457, 2.0884910225868225, 2.090127922296524, 2.09080393910408, 2.0866025781631468, 2.092499041557312, 2.083044568300247, 2.0863268327713014, 2.0902055978775023, 2.0848345386981966], "val_accs": [0.2609511889862328, 0.27471839799749687, 0.24968710888610762, 0.2528160200250313, 0.2878598247809762, 0.311639549436796, 0.32478097622027535, 0.3216520650813517, 0.3241551939924906, 0.327909887359199, 0.32040050062578224, 0.3166458072590738, 0.32040050062578224, 0.32978723404255317, 0.3379224030037547, 0.34668335419274093, 0.34668335419274093, 0.35106382978723405, 0.33479349186483104, 0.3397997496871089, 0.34668335419274093, 0.3397997496871089, 0.3498122653316646, 0.3498122653316646, 0.3591989987484355, 0.36295369211514394, 0.3523153942428035, 0.3598247809762203, 0.36795994993742176, 0.34856070087609514, 0.3354192740926158, 0.344180225281602, 0.35106382978723405, 0.3423028785982478, 0.3648310387984981, 0.360450563204005, 0.3598247809762203, 0.35294117647058826, 0.3660826032540676, 0.3742177722152691, 0.36295369211514394, 0.36107634543178974, 0.3617021276595745, 0.3598247809762203, 0.3667083854818523, 0.35607008760951186, 0.3710888610763454, 0.3667083854818523, 0.3591989987484355, 0.3598247809762203], "best_val_epoch": 40, "lr": 0.001, "batch_size": 16}