{"model": "MLP", "train_losses": [2.0110987001657485, 1.9787779019773006, 1.9301755264401437, 1.884706740230322, 1.8662413289397954, 1.8505766502022742, 1.8291828843206168, 1.8100229700654744, 1.7665535010397435, 1.7487208965420722, 1.8462072312831879], "train_accs": [0.2381920550516109, 0.25226775101657806, 0.2940256490459806, 0.2959024085079762, 0.3027838598686268, 0.3137316233969346, 0.31310603690960276, 0.3285893024710666, 0.3445417578980294, 0.3481388802001877, 0.31920550516108853], "val_losses": [1.9650875091552735, 1.9312593466043473, 1.8925282347202301, 1.8473692810535431, 1.823317403793335, 1.8107093185186387, 1.7929561340808868, 1.7679431301355362, 1.7359041857719422, 1.7115227362513543, 1.8134623777866363], "val_accs": [0.28473091364205255, 0.28222778473091364, 0.3216520650813517, 0.3197747183979975, 0.3316645807259074, 0.3479349186483104, 0.3460575719649562, 0.36107634543178974, 0.37546933667083854, 0.38235294117647056, 0.34668335419274093], "best_val_epoch": 10, "lr": 0.001, "batch_size": 8}