{"model": "MLP", "train_losses": [1.9887358012795449, 1.939447772204876, 1.8906724083423614, 1.8731566333770753, 1.8530216589570045], "train_accs": [0.22943384422896465, 0.2683766030653738, 0.29230528620581797, 0.3109164842039412, 0.31013450109477636], "val_losses": [1.9289206123352052, 1.8906838524341583, 1.843196952342987, 1.8288800156116485, 1.811377716064453], "val_accs": [0.25782227784730916, 0.29849812265331666, 0.31289111389236546, 0.3523153942428035, 0.3429286608260325], "best_val_epoch": 4, "lr": 0.001, "batch_size": 16}