{"model": "MLP", "train_losses": [2.0169122380018236, 1.9791519567370415, 1.9626700216531754, 1.9583094176650047, 1.958989078104496, 1.9561061817407608, 1.9423963293433189, 1.9379258343577386, 1.9261525467038154, 1.9106660041213035, 1.871184201836586, 1.8586546769738197, 1.8454497849941254, 1.8422261691093444, 1.825773375928402, 1.8207780689001083, 1.810103088915348, 1.7915599471330643, 1.7881903553009033, 1.809281735420227, 1.7684617099165916, 1.7654788419604301, 1.7436340460181237, 1.7415659421682357, 1.7298641753196717, 1.7328911727666856, 1.7281487798690796, 1.715168716609478, 1.722599522769451, 1.7011422199010848, 1.703333438038826, 1.7431188052892685, 1.6910340788960456, 1.7056243711709975, 1.6778025034070014, 1.7548061284422873, 1.6799168461561202, 1.674206746518612, 1.7195883637666702, 1.6621522882580757, 1.6722543394565583, 1.651260066628456, 1.6514131098985672, 1.6741316375136375, 1.7255496501922607, 1.644927054643631, 1.639464573264122, 1.641271868944168, 1.6337827908992768, 1.6223270297050476, 1.6589586159586907, 1.6581793242692948, 1.6457767944037913, 1.6161831811070442, 1.608530861735344, 1.6411478966474533, 1.6028312167525292, 1.6280795335769653, 1.601824323385954, 1.593581283837557, 1.6035626724362373, 1.5919048973917962, 1.5888794149458407, 1.5757177913188933, 1.5713960941135883, 1.566729836910963, 1.5687039864063264, 1.5766761860251426, 1.5532241714000703, 1.5569081258773805, 1.5592371663451194, 1.570654150992632, 1.5538480719923973, 1.5466442568600178, 1.5755020758509637, 1.5319316925108433, 1.5431348115205765, 1.545027883052826, 1.5319681103527545, 1.6047505505383015, 1.536017652451992, 1.5154297636449336, 1.5761012825369836, 1.5543748538196087, 1.5437404249608517, 1.4957379826903343, 1.5531508859992027, 1.5016521388292312, 1.5826303313672543, 1.5406994336843491, 1.4887049327790738, 1.4781089882552623, 1.5184393262863158, 1.5150777506828308, 1.4795730482041836, 1.4968019568920135, 1.4648277609050273, 1.4797130635380744, 1.4702243515849114, 1.460775092691183], "train_accs": [0.22411635908664373, 0.23881764153894275, 0.2480450422270879, 0.23944322802627463, 0.2560212699405693, 0.25868001251172973, 0.25258054426024396, 0.2666562402252111, 0.28495464497966844, 0.30262746324679385, 0.30810134501094777, 0.31451360650609944, 0.31904910853925555, 0.31951829840475443, 0.3285893024710666, 0.3242101970597435, 0.326712543009071, 0.34626212073819207, 0.33640913356271507, 0.3282765092274007, 0.34266499843603376, 0.3373475132937129, 0.3501720362840163, 0.34860807006568656, 0.3559587112918361, 0.3528307788551767, 0.36518611197998124, 0.36127619643415704, 0.35611510791366907, 0.3678448545511417, 0.3697216140131373, 0.34766969033468875, 0.37410071942446044, 0.36033781670315923, 0.3787926180794495, 0.35032843290584925, 0.3772286518611198, 0.381138567406944, 0.35236158898967784, 0.38786362214576164, 0.3755082890209571, 0.3872380356584298, 0.39630903972474196, 0.3703472005004692, 0.3537691585861745, 0.38880200187675945, 0.3999061620269002, 0.39568345323741005, 0.39568345323741005, 0.40131373162339695, 0.3792618079449484, 0.36909602752580545, 0.39349390053174854, 0.400844541757898, 0.41132311542070693, 0.39677822959024084, 0.41523303096653114, 0.39662183296840786, 0.4175789802940256, 0.4194557397560213, 0.4078823897403816, 0.4080387863622146, 0.4235220519236784, 0.42211448232718174, 0.4277447607131686, 0.4311854863934939, 0.4192993431341883, 0.4225836721926806, 0.4296215201751642, 0.43290584923365655, 0.4313418830153269, 0.4203941194870191, 0.43149827963715987, 0.4313418830153269, 0.4194557397560213, 0.4393181107288083, 0.43243665936815767, 0.4371285580231467, 0.43446981545198626, 0.4147638411010322, 0.4343134188301533, 0.43978730059430715, 0.4149202377228652, 0.4333750390991555, 0.4363465749139819, 0.45245542696277763, 0.4225836721926806, 0.44745073506412264, 0.4197685329996872, 0.4375977478886456, 0.4519862370972787, 0.45636534250860183, 0.44666875195495775, 0.44260243978730057, 0.45433218642477324, 0.4518298404754457, 0.4619956208945887, 0.4548013762902721, 0.46105724116359087, 0.470441038473569], "val_losses": [2.0262007975578307, 1.9884320831298827, 1.9663541436195373, 1.9630325067043304, 1.966684410572052, 1.9674339175224305, 1.946479516029358, 1.9458153927326203, 1.9292945289611816, 1.9129884934425354, 1.8757572317123412, 1.8549215161800385, 1.84869304895401, 1.845223593711853, 1.8221887171268463, 1.8245731806755066, 1.8018956124782561, 1.7888288593292236, 1.788062195777893, 1.8119882690906524, 1.7713623762130737, 1.7612493646144867, 1.7451182723045349, 1.74344620347023, 1.737757124900818, 1.7393647742271423, 1.7332104814052582, 1.7203587627410888, 1.7317911005020141, 1.7079514861106873, 1.7037351846694946, 1.7494658267498016, 1.6998886823654176, 1.709003702402115, 1.685471761226654, 1.7605099749565125, 1.6830097019672394, 1.6751460146903991, 1.7228487074375152, 1.6661785566806793, 1.6746806383132935, 1.6565630567073821, 1.653718991279602, 1.682120339870453, 1.7304199504852296, 1.6557518744468689, 1.6461628103256225, 1.645239782333374, 1.6444161200523377, 1.6261660134792328, 1.6623384833335877, 1.6668376302719117, 1.658454982638359, 1.6296643388271332, 1.6167114436626435, 1.6380732691287994, 1.605795851945877, 1.630178228020668, 1.6008294832706451, 1.594565397500992, 1.6119079625606536, 1.6044286406040191, 1.5935427415370942, 1.582075496315956, 1.5767629861831665, 1.5695509421825409, 1.5764823937416077, 1.5797529351711272, 1.5634268885850906, 1.5641606897115707, 1.5640755039453507, 1.5699872601032256, 1.5632002770900726, 1.5503163021802902, 1.589166214466095, 1.537062213420868, 1.5511574816703797, 1.5498181349039077, 1.5462593126296997, 1.620329930782318, 1.549627525806427, 1.5214035022258758, 1.5733185470104218, 1.5618144071102142, 1.5568451690673828, 1.5073351567983628, 1.5524664068222045, 1.5030499625205993, 1.6069323921203613, 1.5628196048736571, 1.5055978906154632, 1.4873479610681535, 1.5375766551494598, 1.5225852859020232, 1.5044053864479066, 1.5160476857423781, 1.4817112451791763, 1.4958954513072968, 1.483545172214508, 1.477040159702301],