{"model": "MLP", "train_losses": [2.006809072494507, 1.9746866148710251, 1.9549057936668397, 1.9670361948013306, 1.9290929555892944, 1.8695763266086578, 2.0433352154493334, 1.8058981847763063, 1.8268353205919265, 1.7947501283884049, 1.766229663491249], "train_accs": [0.2381920550516109, 0.23694088207694713, 0.2618079449483891, 0.25273694088207693, 0.2791679699718486, 0.30622458554895216, 0.2558648733187363, 0.3306224585548952, 0.30075070378479823, 0.3382858930247107, 0.3498592430403503], "val_losses": [1.9683833336830139, 1.937052037715912, 1.918178427219391, 1.926168818473816, 1.891342923641205, 1.8128430581092834, 2.0037904882431032, 1.767764027118683, 1.8066405510902406, 1.7679350399971008, 1.7361527943611146], "val_accs": [0.2571964956195244, 0.2672090112640801, 0.30663329161451813, 0.27972465581977474, 0.3078848560700876, 0.327909887359199, 0.26846057571964954, 0.35607008760951186, 0.32478097622027535, 0.3692115143929912, 0.376720901126408], "best_val_epoch": 11, "lr": 0.01, "batch_size": 32}