{"model": "MLP", "train_losses": [2.296041361093521, 2.126691749095917, 2.0376047068834304, 1.9986333382129668, 1.9838959136605263, 1.9791578048467635, 1.9714728266000747, 1.9687601763010025, 1.9707458165287972, 1.9610498011112214, 1.9517198058962821], "train_accs": [0.09884266499843604, 0.19377541445104784, 0.24491710979042852, 0.24538629965592743, 0.25711604629340007, 0.2494526118235846, 0.25727244291523305, 0.262433531435721, 0.25132937128558025, 0.2679074131998749, 0.26853299968720673], "val_losses": [2.2942640471458433, 2.09742214679718, 2.005510034561157, 1.9590799295902253, 1.9379578256607055, 1.9321507441997527, 1.9223411524295806, 1.917857800722122, 1.9210104775428771, 1.909452384710312, 1.9009330701828002], "val_accs": [0.10513141426783479, 0.20588235294117646, 0.2734668335419274, 0.2784730913642053, 0.28473091364205255, 0.2834793491864831, 0.2972465581977472, 0.29411764705882354, 0.2828535669586984, 0.30287859824780977, 0.304755944931164], "best_val_epoch": 11, "lr": 0.0001, "batch_size": 16}