{"model": "MLP", "train_losses": [1.963173173069954, 1.9114619398117065, 1.8823615753650664, 1.8727145472168922, 1.8417214584350585], "train_accs": [0.2528933375039099, 0.2863622145761652, 0.28949014701282455, 0.30919612136377855, 0.30825774163278075], "val_losses": [1.9142621648311615, 1.8633395481109618, 1.8418825900554656, 1.8331627178192138, 1.8033883821964265], "val_accs": [0.27909887359199, 0.32227784730913644, 0.31476846057571967, 0.33667083854818525, 0.33229036295369213], "best_val_epoch": 4, "lr": 0.001, "batch_size": 16}