{"model": "MLP", "train_losses": [2.306482113324679, 2.306081698491023, 2.3051058695866513, 2.304643209163959, 2.303434133529663, 2.302819857230553, 2.301850649026724, 2.299837974401621, 2.2976766182826114, 2.2954801596128025, 2.2920334339141846], "train_accs": [0.09790428526743822, 0.09790428526743822, 0.09790428526743822, 0.10181420081326244, 0.10900844541757898, 0.14529246168282764, 0.15358148263997498, 0.17688457929308726, 0.20675633406318422, 0.18063809821707852, 0.17219268063809823], "val_losses": [2.303221344947815, 2.3027384281158447, 2.302217125892639, 2.3016128540039062, 2.3008830547332764, 2.2999987602233887, 2.298821806907654, 2.2972551584243774, 2.2952661514282227, 2.2926515340805054, 2.2893584966659546], "val_accs": [0.11514392991239049, 0.11514392991239049, 0.11514392991239049, 0.11827284105131414, 0.12453066332916145, 0.1639549436795995, 0.18147684605757197, 0.20400500625782228, 0.23341677096370464, 0.19899874843554444, 0.18773466833541927], "best_val_epoch": 9, "lr": 0.0001, "batch_size": 512}