{"model": "MLP", "train_losses": [1.9815470519661904, 1.9253064662218093, 1.8863734185695649, 1.8613883325457572, 1.8574997583031654, 1.85554262727499, 1.8650916567444802, 1.7718983229994774, 1.7787466683983804, 1.7539472734928132, 1.7622579807043075], "train_accs": [0.25539568345323743, 0.28839537065999377, 0.30340944635595873, 0.31060369096027524, 0.30935251798561153, 0.316859555833594, 0.3040350328432906, 0.3409446355958711, 0.34860807006568656, 0.34657491398185797, 0.3445417578980294], "val_losses": [1.9392875623703003, 1.8866480147838594, 1.843349312543869, 1.8264477109909059, 1.8313857305049897, 1.8153676056861878, 1.8305808687210083, 1.7373965692520141, 1.7478044247627258, 1.7248706376552583, 1.7339612317085267], "val_accs": [0.29662077596996245, 0.31289111389236546, 0.3304130162703379, 0.33291614518147683, 0.33479349186483104, 0.3397997496871089, 0.3341677096370463, 0.3704630788485607, 0.3667083854818523, 0.37734668335419275, 0.3623279098873592], "best_val_epoch": 10, "lr": 0.001, "batch_size": 16}