{"model": "MLP", "train_losses": [2.3147284138202666, 2.309267613887787, 2.3087979114055632, 2.3062547922134398, 2.308867270946503, 2.309972970485687, 2.3210029304027557, 2.311890416145325, 2.311956605911255, 2.308116372823715, 2.319788749217987], "train_accs": [0.10431654676258993, 0.10212699405692836, 0.10212699405692836, 0.10212699405692836, 0.10431654676258993, 0.10025023459493275, 0.09993744135126681, 0.1010322177040976, 0.09884266499843604, 0.1010322177040976, 0.10212699405692836], "val_losses": [2.312650623321533, 2.306964077949524, 2.3104731321334837, 2.3111239671707153, 2.3125295305252074, 2.314893136024475, 2.318732271194458, 2.3165292882919313, 2.3080070066452025, 2.3083988428115845, 2.317914447784424], "val_accs": [0.08886107634543179, 0.09324155193992491, 0.09324155193992491, 0.09324155193992491, 0.08886107634543179, 0.09887359198998748, 0.10012515644555695, 0.09261576971214018, 0.10513141426783479, 0.09261576971214018, 0.09324155193992491], "best_val_epoch": 9, "lr": 0.1, "batch_size": 32}