{"model": "MLP", "train_losses": [2.305614366531372, 2.304096599817276, 2.2968587744235993, 2.2659316337108613, 2.25129688501358, 2.2414495623111725, 2.2332673227787017, 2.2268102097511293, 2.220627483129501, 2.214737733602524, 2.210157563686371, 2.2048906123638154, 2.2000663125514985, 2.1963186490535738, 2.1913891410827637, 2.1873991787433624, 2.1835972797870635, 2.1819021713733675, 2.1767942929267883, 2.1730361115932464, 2.1708509874343873, 2.1667115116119384, 2.1639182817935945, 2.160543324947357, 2.1577025949954987, 2.1555364179611205, 2.1520366501808166, 2.1493824875354766, 2.1472568845748903, 2.144784071445465, 2.1419634199142457, 2.1395443415641786, 2.13744317650795, 2.13494159579277, 2.1329082369804384, 2.130852652192116, 2.1289079362154006, 2.127015182971954, 2.1247859233617783, 2.122833707332611, 2.1213670539855958, 2.1191363316774368, 2.117427458167076, 2.115567925572395, 2.113960307240486, 2.1123996663093565, 2.112445723414421, 2.1100125634670257, 2.1079513585567473, 2.106590801477432], "train_accs": [0.09978104472943385, 0.12058179543321865, 0.1543634657491398, 0.22583672192680637, 0.22395996246481076, 0.21301219893650297, 0.20925868001251172, 0.2053487644666875, 0.203002815139193, 0.2019080387863622, 0.2009696590553644, 0.19971848608070067, 0.1984673131060369, 0.19831091648420393, 0.19737253675320612, 0.19690334688770722, 0.1965905536440413, 0.1970597435095402, 0.19721614013137317, 0.19580857053487644, 0.19674695026587427, 0.1956521739130435, 0.1970597435095402, 0.19768532999687208, 0.19721614013137317, 0.19721614013137317, 0.19987488270253362, 0.19768532999687208, 0.1990928995933688, 0.19987488270253362, 0.19878010634970283, 0.20018767594619957, 0.19971848608070067, 0.19987488270253362, 0.20222083203002816, 0.20128245229903033, 0.20315921176102597, 0.20409759149202378, 0.203002815139193, 0.2034720050046919, 0.203002815139193, 0.20315921176102597, 0.2044103847356897, 0.20519236784485456, 0.20503597122302158, 0.2044103847356897, 0.20519236784485456, 0.20409759149202378, 0.2069127306850172, 0.20659993744135127], "val_losses": [2.3074575090408325, 2.306014885902405, 2.2991172790527346, 2.26750328540802, 2.2520100593566896, 2.2415415811538697, 2.232971272468567, 2.22617280960083, 2.2197972774505614, 2.213730659484863, 2.2088331413269042, 2.203484592437744, 2.1985850715637207, 2.194513659477234, 2.1896006870269775, 2.1854298305511475, 2.1816095876693726, 2.179330620765686, 2.17424476146698, 2.170422019958496, 2.1679405641555785, 2.1639831972122194, 2.1609704160690306, 2.157222719192505, 2.1545982122421266, 2.152207474708557, 2.1483040952682497, 2.1455865907669067, 2.1435043144226076, 2.140963354110718, 2.1377315664291383, 2.1350748491287233, 2.1328652048110963, 2.130143003463745, 2.127913780212402, 2.1257949113845824, 2.1235734462738036, 2.1214699268341066, 2.119193186759949, 2.117069945335388, 2.1155479764938354, 2.1130813932418824, 2.1112364435195925, 2.109257445335388, 2.1074555921554565, 2.1058229637145995, 2.105516858100891, 2.1029030084609985, 2.1010667133331298, 2.0995513439178466], "val_accs": [0.10262828535669587, 0.11702127659574468, 0.1476846057571965, 0.2202753441802253, 0.21777221526908636, 0.21339173967459324, 0.20588235294117646, 0.20337922403003755, 0.20087609511889862, 0.20212765957446807, 0.20212765957446807, 0.2002503128911139, 0.19774718397997496, 0.19899874843554444, 0.19962453066332916, 0.19774718397997496, 0.1983729662077597, 0.20087609511889862, 0.19774718397997496, 0.19712140175219023, 0.1964956195244055, 0.19899874843554444, 0.19899874843554444, 0.19712140175219023, 0.19899874843554444, 0.1983729662077597, 0.19774718397997496, 0.19774718397997496, 0.20212765957446807, 0.20150187734668334, 0.1983729662077597, 0.2002503128911139, 0.20337922403003755, 0.2002503128911139, 0.19774718397997496, 0.20275344180225283, 0.19712140175219023, 0.1983729662077597, 0.20400500625782228, 0.2065081351689612, 0.20275344180225283, 0.204630788485607, 0.20337922403003755, 0.20525657071339173, 0.20525657071339173, 0.2083854818523154, 0.20150187734668334, 0.204630788485607, 0.20775969962453067, 0.20775969962453067], "best_val_epoch": 4, "lr": 0.0001, "batch_size": 32}