{"model": "Wav2Vec2", "train_losses": [2.2438682436943056, 2.0690221190452576, 1.9117768466472627, 1.7590764224529267, 1.6773856043815614, 1.7991402685642242, 1.3435349494218827, 1.0662785768508911, 1.2735015094280242, 0.6626168593764306], "train_accs": [0.18153364632237873, 0.27073552425665104, 0.3646322378716745, 0.4162754303599374, 0.4162754303599374, 0.29577464788732394, 0.5195618153364632, 0.6087636932707355, 0.513302034428795, 0.7856025039123631], "val_losses": [2.284123396873474, 2.102552080154419, 2.15326464176178, 2.163057255744934, 2.222315239906311, 2.641864204406738, 2.1365598678588866, 2.1444243431091308, 2.7622108936309813, 2.439087748527527], "val_accs": [0.15, 0.18125, 0.2125, 0.275, 0.25, 0.175, 0.275, 0.2875, 0.20625, 0.35625], "best_val_epoch": 10, "lr": 3e-05, "batch_size": 32}