{"model": "Wav2Vec2", "train_losses": [2.2825191527605058, 2.2685803145170214, 2.2384623020887373, 2.189576989412308, 2.052937759459019, 1.9984518215060234, 2.465873098373413, 1.819928342103958, 1.762963603436947, 1.5626452140510083, 1.6663996554911136, 1.3692050501704216, 1.2365495584905148, 1.2575674690306187, 0.9911798555403948, 0.7715769939124584, 0.574977058917284, 0.5196831550449132, 0.3645577609539032, 0.29112112233415244, 0.2695345150306821, 0.16729138763621448, 0.13466472011059522, 0.06952907314989716, 0.08933797143399716, 0.050023868680000305, 0.0540540955029428, 0.03985975589603186, 0.029109038424212485, 0.019051257098908536, 0.02267941749887541, 0.018169684160966426, 0.02478079020511359, 0.01804999161977321, 0.013206660869764164, 0.017404441587859764, 0.010506703052669764, 0.013314866728615015, 0.013357876252848655, 0.011329997889697551], "train_accs": [0.10954616588419405, 0.18935837245696402, 0.23161189358372458, 0.1486697965571205, 0.27230046948356806, 0.25821596244131456, 0.1705790297339593, 0.35524256651017216, 0.36619718309859156, 0.4475743348982786, 0.39906103286384975, 0.5258215962441315, 0.5633802816901409, 0.5508607198748043, 0.6447574334898278, 0.7699530516431925, 0.8810641627543035, 0.8544600938967136, 0.9327073552425665, 0.9514866979655712, 0.9546165884194053, 0.9874804381846636, 0.9890453834115805, 0.9906103286384976, 0.9921752738654147, 0.9984350547730829, 0.9984350547730829, 0.9984350547730829, 0.9984350547730829, 0.9984350547730829, 0.9984350547730829, 0.9984350547730829, 0.9984350547730829, 0.9984350547730829, 0.9984350547730829, 0.9984350547730829, 0.9984350547730829, 0.9984350547730829, 0.9984350547730829, 0.9984350547730829], "val_losses": [2.291543793678284, 2.265141689777374, 2.2426920771598815, 2.2638638436794283, 2.0746661007404326, 2.040900892019272, 2.686727511882782, 1.990829598903656, 2.06494579911232, 1.9177525162696838, 2.1087763607501984, 2.01366149187088, 1.9483055979013444, 2.1471889138221742, 2.0468055695295333, 2.243136379122734, 2.0978750228881835, 2.3727777659893037, 2.3876684635877607, 2.4712850391864776, 2.521384632587433, 2.6048558056354523, 2.7241452902555467, 2.533071917295456, 2.5383986085653305, 2.7258039236068727, 2.7580819189548493, 2.680369645357132, 2.7014054536819456, 2.9459978699684144, 2.6961688876152037, 2.7487803995609283, 2.656887173652649, 2.6625166118144987, 2.938180983066559, 2.8984505355358126, 2.8373207479715346, 2.939148074388504, 2.915788459777832, 2.987226641178131], "val_accs": [0.08125, 0.1625, 0.18125, 0.1, 0.24375, 0.24375, 0.1375, 0.25, 0.21875, 0.28125, 0.23125, 0.29375, 0.31875, 0.275, 0.33125, 0.28125, 0.31875, 0.3, 0.3125, 0.25, 0.31875, 0.26875, 0.25, 0.31875, 0.31875, 0.28125, 0.25625, 0.30625, 0.29375, 0.3375, 0.29375, 0.35, 0.33125, 0.34375, 0.30625, 0.31875, 0.3375, 0.2625, 0.31875, 0.28125], "best_val_epoch": 32, "lr": 1e-05, "batch_size": 8}