{"model": "Wav2Vec2", "train_losses": [2.423704782128334, 2.3794108986854554, 2.3803740352392198, 2.4425088435411455, 2.381186243891716, 2.328106090426445, 2.329698547720909, 2.3419915080070495, 2.317867395281792, 2.320392894744873], "train_accs": [0.08763693270735524, 0.10328638497652583, 0.09859154929577464, 0.10015649452269171, 0.10954616588419405, 0.11267605633802817, 0.09076682316118936, 0.10328638497652583, 0.10328638497652583, 0.10954616588419405], "val_losses": [2.3748122274875643, 2.3807948231697083, 2.3811592638492582, 2.426287418603897, 2.368981051445007, 2.349401032924652, 2.3276665270328523, 2.3303327023983003, 2.314594793319702, 2.341357535123825], "val_accs": [0.1125, 0.10625, 0.11875, 0.09375, 0.0875, 0.0875, 0.1125, 0.10625, 0.09375, 0.0875], "best_val_epoch": 3, "lr": 5e-05, "batch_size": 8}