{"model": "Wav2Vec2", "train_losses": [2.3361496686935426, 2.320795679092407, 2.3245001435279846, 2.3207276463508606, 2.3099706888198854, 2.313645136356354, 2.304605007171631, 2.304192864894867, 2.3073885917663572, 2.306844925880432, 2.3060603857040407, 2.304970586299896, 2.303585612773895, 2.303729736804962, 2.30425386428833, 2.3043532371520996, 2.3024218678474426, 2.305709660053253, 2.316500413417816, 2.3088979840278627, 2.3050076723098756, 2.3027366518974306, 2.3022984147071837, 2.3053741216659547, 2.303397238254547, 2.3056201100349427, 2.3028817057609556, 2.3024013161659242, 2.3014330863952637, 2.303174138069153, 2.304234194755554, 2.3018569350242615, 2.301944065093994, 2.3016954898834228, 2.301641881465912, 2.301467752456665, 2.301833474636078, 2.30168194770813, 2.301478362083435, 2.301759219169617, 2.3006558537483217, 2.300784504413605, 2.301170802116394, 2.301198589801788, 2.300558793544769, 2.300583529472351, NaN, NaN, NaN, NaN, NaN, NaN, NaN, NaN, NaN, NaN, NaN, NaN, NaN, NaN, NaN, NaN, NaN, NaN, NaN, NaN, NaN, NaN, NaN, NaN, NaN, NaN, NaN, NaN, NaN, NaN, NaN, NaN, NaN, NaN, NaN, NaN, NaN, NaN, NaN, NaN, NaN, NaN, NaN, NaN, NaN, NaN, NaN, NaN, NaN, NaN, NaN, NaN, NaN, NaN], "train_accs": [0.09546165884194054, 0.10328638497652583, 0.09546165884194054, 0.10172143974960876, 0.10954616588419405, 0.10328638497652583, 0.10328638497652583, 0.10485133020344288, 0.10328638497652583, 0.10485133020344288, 0.10328638497652583, 0.10015649452269171, 0.10954616588419405, 0.10172143974960876, 0.10328638497652583, 0.10328638497652583, 0.10328638497652583, 0.10015649452269171, 0.10954616588419405, 0.10328638497652583, 0.10954616588419405, 0.10015649452269171, 0.10954616588419405, 0.10328638497652583, 0.10485133020344288, 0.10328638497652583, 0.10485133020344288, 0.10954616588419405, 0.10328638497652583, 0.10485133020344288, 0.10954616588419405, 0.10954616588419405, 0.10015649452269171, 0.10328638497652583, 0.1111111111111111, 0.10485133020344288, 0.10172143974960876, 0.1111111111111111, 0.10328638497652583, 0.1111111111111111, 0.10641627543035993, 0.10485133020344288, 0.1111111111111111, 0.10485133020344288, 0.1111111111111111, 0.1111111111111111, 0.09546165884194054, 0.09546165884194054, 0.09546165884194054, 0.09546165884194054, 0.09546165884194054, 0.09546165884194054, 0.09546165884194054, 0.09546165884194054, 0.09546165884194054, 0.09546165884194054, 0.09546165884194054, 0.09546165884194054, 0.09546165884194054, 0.09546165884194054, 0.09546165884194054, 0.09546165884194054, 0.09546165884194054, 0.09546165884194054, 0.09546165884194054, 0.09546165884194054, 0.09546165884194054, 0.09546165884194054, 0.09546165884194054, 0.09546165884194054, 0.09546165884194054, 0.09546165884194054, 0.09546165884194054, 0.09546165884194054, 0.09546165884194054, 0.09546165884194054, 0.09546165884194054, 0.09546165884194054, 0.09546165884194054, 0.09546165884194054, 0.09546165884194054, 0.09546165884194054, 0.09546165884194054, 0.09546165884194054, 0.09546165884194054, 0.09546165884194054, 0.09546165884194054, 0.09546165884194054, 0.09546165884194054, 0.09546165884194054, 0.09546165884194054, 0.09546165884194054, 0.09546165884194054, 0.09546165884194054, 0.09546165884194054, 0.09546165884194054, 0.09546165884194054, 0.09546165884194054, 0.09546165884194054, 0.09546165884194054], "val_losses": [2.33945894241333, 2.324048900604248, 2.323036861419678, 2.34472861289978, 2.317608118057251, 2.311806869506836, 2.3119978427886965, 2.317947244644165, 2.3112205505371093, 2.3142995834350586, 2.307704734802246, 2.312120056152344, 2.3170305728912353, 2.3060925006866455, 2.3111916065216063, 2.2997029304504393, 2.308084726333618, 2.3109022617340087, 2.3318286895751954, 2.30534029006958, 2.3143105030059816, 2.315234899520874, 2.3017623901367186, 2.3120537757873536, 2.3096331119537354, 2.3157700538635253, 2.3107681274414062, 2.3063165664672853, 2.309935140609741, 2.3144433975219725, 2.313330364227295, 2.307293653488159, 2.314998149871826, 2.3106542110443113, 2.3054691314697267, 2.3095112323760985, 2.3095849990844726, 2.3146716117858888, 2.308666467666626, 2.3097535610198974, 2.3076280117034913, 2.307653522491455, 2.314577913284302, 2.308268356323242, 2.308371591567993, 2.305195426940918, NaN, NaN, NaN, NaN, NaN, NaN, NaN, NaN, NaN, NaN, NaN, NaN, NaN, NaN, NaN, NaN, NaN, NaN, NaN, NaN, NaN, NaN, NaN, NaN, NaN, NaN, NaN, NaN, NaN, NaN, NaN, NaN, NaN, NaN, NaN, NaN, NaN, NaN, NaN, NaN, NaN, NaN, NaN, NaN, NaN, NaN, NaN, NaN, NaN, NaN, NaN, NaN, NaN, NaN], "val_accs": [0.075, 0.09375, 0.13125, 0.1125, 0.0875, 0.10625, 0.09375, 0.0875, 0.10625, 0.0875, 0.09375, 0.075, 0.0875, 0.1125, 0.09375, 0.10625, 0.09375, 0.075, 0.0875, 0.10625, 0.0875, 0.075, 0.0875, 0.09375, 0.0875, 0.10625, 0.0875, 0.0875, 0.10625, 0.0875, 0.0875, 0.0875, 0.075, 0.10625, 0.0875, 0.10625, 0.075, 0.0875, 0.1125, 0.0875, 0.0875, 0.10625, 0.0875, 0.10625, 0.0875, 0.0875, 0.075, 0.075, 0.075, 0.075, 0.075, 0.075, 0.075, 0.075, 0.075, 0.075, 0.075, 0.075, 0.075, 0.075, 0.075, 0.075, 0.075, 0.075, 0.075, 0.075, 0.075, 0.075, 0.075, 0.075, 0.075, 0.075, 0.075, 0.075, 0.075, 0.075, 0.075, 0.075, 0.075, 0.075, 0.075, 0.075, 0.075, 0.075, 0.075, 0.075, 0.075, 0.075, 0.075, 0.075, 0.075, 0.075, 0.075, 0.075, 0.075, 0.075, 0.075, 0.075, 0.075, 0.075], "best_val_epoch": 3, "lr": 0.0001, "batch_size": 32}