{"model": "Wav2Vec2", "train_losses": [2.307088792324066, 2.305940943956375, 2.304038143157959, 2.3032073855400084, 2.3045849323272707, 2.304853504896164, 2.3048169553279876, 2.304817408323288, 2.3047750115394594, 2.3047463655471803], "train_accs": [0.10485133020344288, 0.10328638497652583, 0.10485133020344288, 0.10485133020344288, 0.09546165884194054, 0.09546165884194054, 0.09546165884194054, 0.09546165884194054, 0.09546165884194054, 0.09546165884194054], "val_losses": [2.3249090671539308, 2.3025478601455687, 2.310195469856262, 2.306387758255005, 2.2973620891571045, 2.2969074010849, 2.296928858757019, 2.2969400882720947, 2.29697105884552, 2.2969822883605957], "val_accs": [0.0875, 0.09375, 0.0875, 0.0875, 0.13125, 0.13125, 0.13125, 0.13125, 0.13125, 0.13125], "best_val_epoch": 5, "lr": 5e-05, "batch_size": 16}