{"model": "Wav2Vec2", "train_losses": [2.3080144047737123, 2.3023802399635316, 2.303235423564911, 2.3019777297973634, 2.301458251476288, 2.3020301818847657, 2.301474857330322, 2.3018545508384705, 2.301543188095093, 2.301674020290375], "train_accs": [0.10954616588419405, 0.10328638497652583, 0.10015649452269171, 0.10015649452269171, 0.10328638497652583, 0.10328638497652583, 0.10485133020344288, 0.10328638497652583, 0.10328638497652583, 0.10015649452269171], "val_losses": [2.321311092376709, 2.303096961975098, 2.314741039276123, 2.311564493179321, 2.3086305618286134, 2.307889795303345, 2.305743360519409, 2.3135701179504395, 2.30749135017395, 2.3075985431671144], "val_accs": [0.0875, 0.09375, 0.075, 0.075, 0.09375, 0.09375, 0.0875, 0.09375, 0.10625, 0.075], "best_val_epoch": 9, "lr": 0.0001, "batch_size": 32}