{"model": "Wav2Vec2", "train_losses": [2.2776632770895957, 2.3918344348669054, 2.4313473835587502, 2.8476833924651146, 1.8890267699956893, 2.1454646691679953, 2.7209071293473244, 1.8020421490073204, 1.5729465454816818, 1.5024495966732503, 3.5102042660117148, 1.5687463194131852, 1.3546185232698917, 1.3873072184622288, 1.1297855868935585, 1.3121395476162434, 1.289743845537305, 0.8531724125146866, 1.092034912109375, 0.8068731237202883], "train_accs": [0.1643192488262911, 0.14241001564945227, 0.19092331768388107, 0.10172143974960876, 0.28482003129890454, 0.18309859154929578, 0.18622848200312989, 0.29107981220657275, 0.38497652582159625, 0.4491392801251956, 0.14553990610328638, 0.38028169014084506, 0.4475743348982786, 0.4162754303599374, 0.5915492957746479, 0.486697965571205, 0.49765258215962443, 0.6776212832550861, 0.5696400625978091, 0.6854460093896714], "val_losses": [2.25236394405365, 2.3318745672702788, 2.67104449570179, 2.7438108891248705, 2.0150234937667846, 2.291582500934601, 3.0499827951192855, 1.9466468036174773, 2.155966413021088, 1.9237486362457275, 3.579269980639219, 2.193047660589218, 2.0904766380786897, 2.3463166058063507, 2.130990445613861, 2.2435530215501784, 2.346697247028351, 2.3842931389808655, 2.4850560069084167, 2.5149113297462464], "val_accs": [0.21875, 0.20625, 0.15625, 0.13125, 0.23125, 0.16875, 0.1625, 0.2375, 0.28125, 0.2625, 0.175, 0.2, 0.2625, 0.23125, 0.28125, 0.3125, 0.25625, 0.2875, 0.225, 0.28125], "best_val_epoch": 16, "lr": 5e-05, "batch_size": 8}