{"model": "Wav2Vec2", "train_losses": [2.27391722202301, 2.3237304523587228, 2.0027976140379904, 2.540799540281296, 1.994953563809395, 1.8044250451028347, 2.0475341856479643, 2.2400790572166445, 1.8738382875919342, 2.69740814268589, 1.9526859767735005, 1.4919104285538196, 1.8460363827645778, 1.2730920486152173, 1.305204764008522, 1.2152679350227118, 1.455993966758251, 1.126692496240139, 1.069920663535595, 0.7615150522440672], "train_accs": [0.16588419405320814, 0.18779342723004694, 0.28482003129890454, 0.14553990610328638, 0.2863849765258216, 0.3208137715179969, 0.20031298904538342, 0.2112676056338028, 0.3082942097026604, 0.1596244131455399, 0.37402190923317685, 0.4397496087636933, 0.3646322378716745, 0.5477308294209703, 0.49921752738654146, 0.568075117370892, 0.48826291079812206, 0.5633802816901409, 0.5821596244131455, 0.7214397496087637], "val_losses": [2.276513582468033, 2.2816468834877015, 2.115974950790405, 2.4575047552585603, 2.1751385152339937, 2.0261939764022827, 2.125645485520363, 2.39810062199831, 2.3950986087322237, 2.934448552131653, 2.706410992145538, 2.0154299199581147, 2.2962737023830413, 1.9950771033763885, 2.203122878074646, 2.1745339900255205, 2.8283660769462586, 2.491604733467102, 2.614583545923233, 2.391626799106598], "val_accs": [0.15, 0.15625, 0.25, 0.10625, 0.275, 0.21875, 0.19375, 0.19375, 0.20625, 0.18125, 0.2375, 0.3, 0.26875, 0.3, 0.19375, 0.26875, 0.2375, 0.3, 0.3125, 0.30625], "best_val_epoch": 19, "lr": 5e-05, "batch_size": 8, "weight_decay": 1e-05}