{"model": "Wav2Vec2", "train_losses": [2.307063528895378, 2.3066059231758116, 2.3065874129533768, 2.3058895081281663, 2.305484503507614, 2.3050915956497193, 2.3048191487789156, 2.3044750332832336, 2.304035174846649, 2.3031280010938646], "train_accs": [0.10328638497652583, 0.10328638497652583, 0.10328638497652583, 0.10328638497652583, 0.10328638497652583, 0.10328638497652583, 0.10328638497652583, 0.10328638497652583, 0.10328638497652583, 0.10328638497652583], "val_losses": [2.30717351436615, 2.3086624145507812, 2.308146607875824, 2.309021770954132, 2.3078070640563966, 2.3073627591133117, 2.307617211341858, 2.3074601888656616, 2.3064448475837707, 2.3063204407691957], "val_accs": [0.09375, 0.09375, 0.09375, 0.09375, 0.09375, 0.09375, 0.09375, 0.09375, 0.09375, 0.09375], "best_val_epoch": 1, "lr": 5e-05, "batch_size": 8}