{"model": "Wav2Vec2", "train_losses": [2.333112323284149, 1.987490314245224, 1.7463606953620912, 1.7914874792098998, 1.7159455955028533, 1.403843307495117, 1.3320346176624298, 1.1544699311256408, 0.8098384410142898, 0.8182224959135056], "train_accs": [0.09702660406885759, 0.28482003129890454, 0.3615023474178404, 0.3755868544600939, 0.3677621283255086, 0.543035993740219, 0.5179968701095462, 0.5978090766823161, 0.7245696400625978, 0.7183098591549296], "val_losses": [2.406836915016174, 2.172053813934326, 2.016516852378845, 2.254351258277893, 2.387159585952759, 2.0575293779373167, 2.170043468475342, 2.27699556350708, 2.296868324279785, 2.8239583015441894], "val_accs": [0.075, 0.2125, 0.26875, 0.25, 0.2, 0.3, 0.3125, 0.29375, 0.2875, 0.3125], "best_val_epoch": 7, "lr": 3e-05, "batch_size": 32}