{"model": "Wav2Vec2", "train_losses": [2.3040422827005385, 2.305633467435837, 2.3036884635686876, 2.301929461956024, 2.3046153783798218, 2.305746302008629, 2.303847613930702, 2.302789720892906, 2.3018042027950285, 2.30945160984993, 2.3040030717849733, 2.3033143669366836, 2.303051146864891, 2.304865223169327, 2.3028269350528716, 2.30351265668869, 2.301791748404503, 2.2999623149633406, 2.302733141183853, 2.3046095222234726], "train_accs": [0.10328638497652583, 0.10015649452269171, 0.09859154929577464, 0.10328638497652583, 0.10328638497652583, 0.09546165884194054, 0.10328638497652583, 0.10954616588419405, 0.10328638497652583, 0.09546165884194054, 0.10328638497652583, 0.10954616588419405, 0.10485133020344288, 0.09546165884194054, 0.10172143974960876, 0.10172143974960876, 0.10485133020344288, 0.10485133020344288, 0.09546165884194054, 0.10485133020344288], "val_losses": [2.3138193011283876, 2.3098331689834595, 2.306897151470184, 2.3028823733329773, 2.300985372066498, 2.2997997760772706, 2.305780494213104, 2.3031046390533447, 2.3015715718269347, 2.332847368717194, 2.3031167864799498, 2.303432023525238, 2.3009838700294494, 2.2976377844810485, 2.3018128633499146, 2.3049819350242613, 2.3036492466926575, 2.3027709245681764, 2.304473888874054, 2.30075364112854], "val_accs": [0.09375, 0.075, 0.075, 0.10625, 0.09375, 0.13125, 0.10625, 0.0875, 0.10625, 0.075, 0.10625, 0.0875, 0.0875, 0.13125, 0.1125, 0.1125, 0.10625, 0.10625, 0.13125, 0.0875], "best_val_epoch": 6, "lr": 5e-05, "batch_size": 8}