{"model": "Wav2Vec2", "train_losses": [2.3266544193029404, 2.3945204615592957, 2.3804975777864454, 2.3189078092575075, 2.345799481868744, 2.338099533319473, 2.3393577575683593, 2.361948701739311, 2.3212966442108156, 2.3120577573776244], "train_accs": [0.09546165884194054, 0.10172143974960876, 0.10954616588419405, 0.09546165884194054, 0.08763693270735524, 0.08763693270735524, 0.09859154929577464, 0.09546165884194054, 0.10485133020344288, 0.10954616588419405], "val_losses": [2.339497721195221, 2.405212032794952, 2.430486482381821, 2.3094131708145142, 2.3316291749477385, 2.314561980962753, 2.342368096113205, 2.323892265558243, 2.320537430047989, 2.306360197067261], "val_accs": [0.075, 0.1125, 0.0875, 0.13125, 0.1125, 0.1125, 0.11875, 0.13125, 0.0875, 0.0875], "best_val_epoch": 4, "lr": 0.0001, "batch_size": 8}