{"model": "Wav2Vec2", "train_losses": [2.3756922602653505, 2.131503576040268, 1.902530711889267, 1.6142116904258728, 1.4570189833641052, 1.335538923740387, 1.0668408513069152, 0.916757071018219, 0.6306095644831657, 0.7117539077997208], "train_accs": [0.11580594679186229, 0.22065727699530516, 0.29890453834115804, 0.4287949921752739, 0.4679186228482003, 0.5320813771517997, 0.6494522691705791, 0.6697965571205008, 0.7824726134585289, 0.7370892018779343], "val_losses": [2.298358416557312, 2.212652349472046, 1.9944267272949219, 2.021885085105896, 2.0253037214279175, 2.245029354095459, 2.270597243309021, 2.309573221206665, 2.5512827396392823, 3.1125553607940675], "val_accs": [0.13125, 0.18125, 0.25, 0.2625, 0.25, 0.28125, 0.25, 0.325, 0.30625, 0.3], "best_val_epoch": 8, "lr": 3e-05, "batch_size": 32}