{"model": "Wav2Vec2", "train_losses": [2.417772042751312, 2.1224960520863534, 2.470600017905235, 1.9269634366035462, 2.4474961280822756, 2.5368836611509322, 1.59310205206275, 1.5512406766414641, 1.548728446662426, 1.3794695019721985, 2.1229601625353096, 0.8487773010972888, 0.3840485805179924, 0.5496097051072866, 0.3208363184006885, 0.28008136566495523, 0.3165534879895858, 0.651288136630319, 0.533367655519396, 0.21925251470820512], "train_accs": [0.13458528951486698, 0.21439749608763695, 0.16118935837245696, 0.3223787167449139, 0.1674491392801252, 0.20657276995305165, 0.4303599374021909, 0.39593114241001565, 0.41158059467918623, 0.4538341158059468, 0.35837245696400627, 0.6682316118935837, 0.8560250391236307, 0.810641627543036, 0.9045383411580594, 0.9076682316118936, 0.8998435054773083, 0.7996870109546166, 0.8184663536776213, 0.9374021909233177], "val_losses": [2.3556127727031706, 2.1969229102134706, 2.3842760592699053, 2.2115510642528533, 2.799707439541817, 2.9167386293411255, 2.263884797692299, 2.4354907393455507, 3.0946031868457795, 2.8646195352077486, 3.468299072980881, 2.8919774487614633, 2.699980467557907, 3.151409512758255, 3.1386977434158325, 3.405638027191162, 3.2787698775529863, 3.752652872353792, 4.266237026453018, 3.3778180956840513], "val_accs": [0.14375, 0.19375, 0.19375, 0.20625, 0.125, 0.14375, 0.23125, 0.18125, 0.1625, 0.2, 0.20625, 0.25625, 0.34375, 0.23125, 0.2625, 0.2625, 0.3375, 0.2875, 0.20625, 0.35625], "best_val_epoch": 20, "lr": 5e-05, "batch_size": 8}