{"model": "Wav2Vec2", "train_losses": [2.303551506996155, 2.3031352043151854, 2.302866244316101, 2.3024127006530763, 2.3022196292877197, 2.301959228515625, 2.301863408088684, 2.301687788963318, 2.3046303749084474, 2.303485560417175], "train_accs": [0.10328638497652583, 0.10328638497652583, 0.10328638497652583, 0.10328638497652583, 0.10328638497652583, 0.10328638497652583, 0.10328638497652583, 0.10328638497652583, 0.10015649452269171, 0.10015649452269171], "val_losses": [2.31653102238973, 2.315829038619995, 2.3167641957600913, 2.314871311187744, 2.3150105476379395, 2.3146327336629233, 2.3152341842651367, 2.315920352935791, 2.3179009755452475, 2.317539930343628], "val_accs": [0.09375, 0.09375, 0.09375, 0.09375, 0.09375, 0.10625, 0.09375, 0.09375, 0.09375, 0.09375], "best_val_epoch": 6, "lr": 0.0001, "batch_size": 64}